InfomationVersion,1,,,,,,,,,,,
FormatVersion,1,,,,,,,,,,,
ID,都道府県,区市町村,保育園名称,住所,電話番号,"保育園種別(認可,認証,無認可,小規模)",入園可能年齢,備考,情報更新日,google map住所,google map lat,google map lng
1,東京都,品川区,荏原,東京都品川区荏原2-16-18,,認可,,,2017/11/1,,,
2,東京都,品川区,荏原短時間保育室,東京都品川区荏原2-16-18,,認可,,,2017/11/1,,,
3,東京都,品川区,(仮)むさしこやまさくらさく,東京都品川区荏原3-1,,認可,,,2017/11/1,,,
4,東京都,品川区,荏原西,東京都品川区荏原4-16-11,,認可,,,2017/11/1,,,
5,東京都,品川区,荏原西第二,東京都品川区荏原4-5-22,,認可,,,2017/11/1,,,
6,東京都,品川区,(仮)ｳｨｽﾞﾌﾞｯｸ荏原,東京都品川区荏原6-12,,認可,,,2017/11/1,,,
7,東京都,品川区,清水台,東京都品川区荏原7-8-3,,認可,,,2017/11/1,,,
8,東京都,品川区,(仮)みらいく旗の台,東京都品川区旗の台3-2,,認可,,,2017/11/1,,,
9,東京都,品川区,旗の台,東京都品川区旗の台5-19-5,,認可,,,2017/11/1,,,
10,東京都,品川区,東戸越,東京都品川区戸越4-1-10,,認可,,,2017/11/1,,,
11,東京都,品川区,ｸﾞﾛｰﾊﾞﾙｷｯｽﾞ戸越園,東京都品川区戸越5-14-23,,認可,,,2017/11/1,,,
12,東京都,品川区,ひろまち,東京都品川区広町2-1-18,,認可,,,2017/11/1,,,
13,東京都,品川区,えがおの森保育園・かつしま,東京都品川区勝島1-6-32,,認可,,,2017/11/1,,,
14,東京都,品川区,ﾎﾟﾋﾟﾝｽﾞﾅｰｻﾘｰｽｸｰﾙ 勝島,東京都品川区勝島1-6-5,,認可,,,2017/11/1,,,
15,東京都,品川区,中原,東京都品川区小山1-4-1,,認可,,,2017/11/1,,,
16,東京都,品川区,石井,東京都品川区小山2-6-15,,認可,,,2017/11/1,,,
17,東京都,品川区,(仮)ｳｨｽﾞﾌﾞｯｸ武蔵小山ﾊﾟﾙｽﾞ,東京都品川区小山4-14,,認可,,,2017/11/1,,,
18,東京都,品川区,ｳｨｽﾞﾌﾞｯｸ武蔵小山,東京都品川区小山4-4-7,,認可,,,2017/11/1,,,
19,東京都,品川区,(仮)こころしながわむさしこやま,東京都品川区小山5-9,,認可,,,2017/11/1,,,
20,東京都,品川区,(仮)ｷｯｽﾞｶﾞｰﾃﾞﾝ小山,東京都品川区小山7-11,,認可,,,2017/11/1,,,
21,東京都,品川区,小山台,東京都品川区小山台1-3-8,,認可,,,2017/11/1,,,
22,東京都,品川区,(仮)花房山目黒駅前,東京都品川区上大崎3-1,,認可,,,2017/11/1,,,
23,東京都,品川区,TKﾁﾙﾄﾞﾚﾝｽﾞﾌｧｰﾑ 上大崎校,東京都品川区上大崎3-14-35,,認可,,,2017/11/1,,,
24,東京都,品川区,ｷｯｽﾞｶﾞｰﾃﾞﾝ品川上大崎,東京都品川区上大崎4-5-37,,認可,,,2017/11/1,,,
25,東京都,品川区,まなびの森大崎広小路,東京都品川区西五反田1-21-8,,認可,,,2017/11/1,,,
26,東京都,品川区,学研こども園,東京都品川区西五反田2-11-8,,認可,,,2017/11/1,,,
27,東京都,品川区,西五反田,東京都品川区西五反田3-9-10,,認可,,,2017/11/1,,,
28,東京都,品川区,ぷりすくーる,東京都品川区西五反田3-9-9,,認可,,,2017/11/1,,,
29,東京都,品川区,宝,東京都品川区西五反田4-11-18,,認可,,,2017/11/1,,,
30,東京都,品川区,(仮)こころしながわふどうまえ,東京都品川区西五反田5-6,,認可,,,2017/11/1,,,
31,東京都,品川区,西五反田第二,東京都品川区西五反田6-5-6,,認可,,,2017/11/1,,,
32,東京都,品川区,(仮)ｷｯｽﾞｶﾞｰﾃﾞﾝ西五反田,東京都品川区西五反田8-10,,認可,,,2017/11/1,,,
33,東京都,品川区,ﾎﾟﾋﾟﾝｽﾞﾅｰｻﾘｰｽｸｰﾙ 西五反田,東京都品川区西五反田8-10-8,,認可,,,2017/11/1,,,
34,東京都,品川区,西大井,東京都品川区西大井1-1-1,,認可,,,2017/11/1,,,
35,東京都,品川区,まなびの森西大井,東京都品川区西大井1-4-1,,認可,,,2017/11/1,,,
36,東京都,品川区,ｷｯｽﾞﾀｳﾝにしおおい,東京都品川区西大井2-5-21,,認可,,,2017/11/1,,,
37,東京都,品川区,みどりの丘,東京都品川区西大井4-19-11,,認可,,,2017/11/1,,,
38,東京都,品川区,冨士見台,東京都品川区西大井6-1-15,,認可,,,2017/11/1,,,
39,東京都,品川区,伊藤,東京都品川区西大井6-13-1,,認可,,,2017/11/1,,,
40,東京都,品川区,伊藤短時間保育室,東京都品川区西大井6-13-1,,認可,,,2017/11/1,,,
41,東京都,品川区,ｸﾞﾛｰﾊﾞﾙｷｯｽﾞ西大井園,東京都品川区西大井6-6-2,,認可,,,2017/11/1,,,
42,東京都,品川区,西大井えほん,東京都品川区西大井6-7-1,,認可,,,2017/11/1,,,
43,東京都,品川区,中延,東京都品川区西中延1-6-16,,認可,,,2017/11/1,,,
44,東京都,品川区,西中延,東京都品川区西中延3-8-5,,認可,,,2017/11/1,,,
45,東京都,品川区,(仮)そらのいろ,東京都品川区西品川1-28,,認可,,,2017/11/1,,,
46,東京都,品川区,三ツ木,東京都品川区西品川1-9-18,,認可,,,2017/11/1,,,
47,東京都,品川区,(仮)ｷｯｽﾞｶﾞｰﾃﾞﾝ西品川,東京都品川区西品川2-22,,認可,,,2017/11/1,,,
48,東京都,品川区,西品川,東京都品川区西品川3-16-35,,認可,,,2017/11/1,,,
49,東京都,品川区,あいのもり,東京都品川区大井1-16-2,,認可,,,2017/11/1,,,
50,東京都,品川区,一本橋,東京都品川区大井2-25-1,,認可,,,2017/11/1,,,
51,東京都,品川区,大井倉田,東京都品川区大井4-11-8,,認可,,,2017/11/1,,,
52,東京都,品川区,滝王子,東京都品川区大井5-18-1,,認可,,,2017/11/1,,,
53,東京都,品川区,緑の家,東京都品川区大井7-4-18,,認可,,,2017/11/1,,,
54,東京都,品川区,大崎ひまわり,東京都品川区大崎3-1-9,,認可,,,2017/11/1,,,
55,東京都,品川区,ｺｺﾌｧﾝﾅｰｻﾘｰ大崎,東京都品川区大崎3-6-32,,認可,,,2017/11/1,,,
56,東京都,品川区,ﾍﾞﾈｯｾ大崎広小路,東京都品川区大崎4-1-2,,認可,,,2017/11/1,,,
57,東京都,品川区,大崎,東京都品川区大崎5-2-1,,認可,,,2017/11/1,,,
58,東京都,品川区,にじいろ大崎,東京都品川区大崎5-4-3,,認可,,,2017/11/1,,,
59,東京都,品川区,源氏前,東京都品川区中延4-14-19,,認可,,,2017/11/1,,,
60,東京都,品川区,ｸﾞﾛｰﾊﾞﾙｷｯｽﾞ中延園,東京都品川区中延4-5-7,,認可,,,2017/11/1,,,
61,東京都,品川区,ｸﾞﾛｰﾊﾞﾙｷｯｽﾞ荏原町,東京都品川区中延5-2-1,,認可,,,2017/11/1,,,
62,東京都,品川区,このえ中延,東京都品川区中延6-1-19,,認可,,,2017/11/1,,,
63,東京都,品川区,(仮)にじいろ勝島,東京都品川区島3-2,,認可,,,2017/11/1,,,
64,東京都,品川区,ほっぺるﾗﾝﾄﾞ東五反田,東京都品川区東五反田1-2-25,,認可,,,2017/11/1,,,
65,東京都,品川区,五反田,東京都品川区東五反田2-15-6,,認可,,,2017/11/1,,,
66,東京都,品川区,大空と大地の なーさりぃ東五反田園,東京都品川区東五反田4-7-20,,認可,,,2017/11/1,,,
67,東京都,品川区,東五反田,東京都品川区東五反田5-24-1,,認可,,,2017/11/1,,,
68,東京都,品川区,東大井,東京都品川区東大井1-22-16,,認可,,,2017/11/1,,,
69,東京都,品川区,ひがしおおいさくらさく,東京都品川区東大井2-11-4,,認可,,,2017/11/1,,,
70,東京都,品川区,ｱﾝｼﾞｪﾘｶはまかわ,東京都品川区東大井3-18-2,,認可,,,2017/11/1,,,
71,東京都,品川区,品川,東京都品川区東大井5−8−12,,認可,,,2017/11/1,,,
72,東京都,品川区,大井,東京都品川区東大井6-14-16,,認可,,,2017/11/1,,,
73,東京都,品川区,ﾓﾆｶ荏原中延園,東京都品川区東中延1-6-2,,認可,,,2017/11/1,,,
74,東京都,品川区,東中延,東京都品川区東中延2-5-10,,認可,,,2017/11/1,,,
75,東京都,品川区,八ツ山,東京都品川区東品川1-2-15,,認可,,,2017/11/1,,,
76,東京都,品川区,東品川,東京都品川区東品川1-34-9,,認可,,,2017/11/1,,,
77,東京都,品川区,(仮)リサ,東京都品川区東品川1-36-11,,認可,,,2017/11/1,,,
78,東京都,品川区,台場,東京都品川区東品川1-8-30,,認可,,,2017/11/1,,,
79,東京都,品川区,みずなら,東京都品川区東品川3−21−10,,認可,,,2017/11/1,,,
80,東京都,品川区,ｱﾝｼﾞｪﾘｶ東品川,東京都品川区東品川4-8-8,,認可,,,2017/11/1,,,
81,東京都,品川区,青物横丁えほん,東京都品川区東品川4-8-8 2F,,認可,,,2017/11/1,,,
82,東京都,品川区,にじいろ南大井,東京都品川区南大井1-16-6,,認可,,,2017/11/1,,,
83,東京都,品川区,南大井,東京都品川区南大井3-7-4,,認可,,,2017/11/1,,,
84,東京都,品川区,南大井短時間保育室,東京都品川区南大井3-7-4,,認可,,,2017/11/1,,,
85,東京都,品川区,大空と大地の なーさりぃ大森駅前園,東京都品川区南大井6-16-16,,認可,,,2017/11/1,,,
86,東京都,品川区,水神,東京都品川区南大井6-2-15,,認可,,,2017/11/1,,,
87,東京都,品川区,ｱｽｸ南大井,東京都品川区南大井6-22-7,,認可,,,2017/11/1,,,
88,東京都,品川区,ｷｯｽﾞｶﾞｰﾃﾞﾝ南大井,東京都品川区南大井6-26-2 B館 1F,,認可,,,2017/11/1,,,
89,東京都,品川区,とうかいどう,東京都品川区南品川1−2−11,,認可,,,2017/11/1,,,
90,東京都,品川区,どんぐり,東京都品川区南品川2-9-13,,認可,,,2017/11/1,,,
91,東京都,品川区,くりのき,東京都品川区南品川4-1-11,,認可,,,2017/11/1,,,
92,東京都,品川区,太陽の子南品川,東京都品川区南品川5-3-10,,認可,,,2017/11/1,,,
93,東京都,品川区,(仮)こころしながわおおいまち,東京都品川区南品川6-3,,認可,,,2017/11/1,,,
94,東京都,品川区,大井町のぞみ,東京都品川区二葉1-12-18,,認可,,,2017/11/1,,,
95,東京都,品川区,二葉つぼみ,東京都品川区二葉1-3-40,,認可,,,2017/11/1,,,
96,東京都,品川区,二葉つぼみ短時間保育室,東京都品川区二葉1-3-40,,認可,,,2017/11/1,,,
97,東京都,品川区,二葉,東京都品川区二葉1-4-25,,認可,,,2017/11/1,,,
98,東京都,品川区,(仮)こころしながわなかのぶ,東京都品川区二葉4-2,,認可,,,2017/11/1,,,
99,東京都,品川区,八潮中央,東京都品川区八潮5-10-60,,認可,,,2017/11/1,,,
100,東京都,品川区,八潮北,東京都品川区八潮5-1-3,,認可,,,2017/11/1,,,
101,東京都,品川区,八潮西,東京都品川区八潮5-4-16,,認可,,,2017/11/1,,,
102,東京都,品川区,八潮南,東京都品川区八潮5-8-41,,認可,,,2017/11/1,,,
103,東京都,品川区,とごしの杜,東京都品川区平塚2-18-19,,認可,,,2017/11/1,,,
104,東京都,品川区,平塚,東京都品川区平塚2-2-3,,認可,,,2017/11/1,,,
105,東京都,品川区,ゆたか,東京都品川区豊町1-18-15,,認可,,,2017/11/1,,,
106,東京都,品川区,日本音楽学校,東京都品川区豊町2-16-12,,認可,,,2017/11/1,,,
107,東京都,品川区,南ゆたか,東京都品川区豊町4-17-21,,認可,,,2017/11/1,,,
108,東京都,品川区,(仮)ｷｯｽﾞｶﾞｰﾃﾞﾝ豊町,"東京都品川区豊町5-13",,認可,,,2017/11/1,,,
109,東京都,品川区,ひがしやつやま,東京都品川区北品川1-16-4,,認可,,,2017/11/1,,,
110,東京都,品川区,きたしながわさくらさく,東京都品川区北品川1-28-10,,認可,,,2017/11/1,,,
111,東京都,品川区,北品川,東京都品川区北品川2-7-21,,認可,,,2017/11/1,,,
112,東京都,品川区,北品川第二,東京都品川区北品川3-7-43,,認可,,,2017/11/1,,,
113,東京都,品川区,北品川第二短時間保育室,東京都品川区北品川3-7-43,,認可,,,2017/11/1,,,
114,東京都,品川区,五反田第二,東京都品川区北品川5-3-1,,認可,,,2017/11/1,,,
115,東京都,品川区,ｸﾞﾛｰﾊﾞﾙｷｯｽﾞ大崎園,東京都品川区北品川5-9-15,,認可,,,2017/11/1,,,
116,東京都,品川区,ｷｯｽﾞｶﾞｰﾃﾞﾝ北品川,東京都品川区北品川6-7,,認可,,,2017/11/1,,,
117,東京都,世田谷区,池尻保育園(区立),池尻2-3-11,,認可,,,2018/8/1,,,
118,東京都,世田谷区,三宿保育園(区立),三宿2-37-3,,認可,,,2018/8/1,,,
119,東京都,世田谷区,太子堂保育園(区立),太子堂5-24-27,,認可,,,2018/8/1,,,
120,東京都,世田谷区,三軒茶屋保育園(区立),三軒茶屋1-23-4,,認可,,,2018/8/1,,,
121,東京都,世田谷区,世田谷保育園(区立),若林4-37-11,,認可,,,2018/8/1,,,
122,東京都,世田谷区,桜保育園(区立),桜2-18-3,,認可,,,2018/8/1,,,
123,東京都,世田谷区,東弦巻保育園(区立),弦巻2-29-17,,認可,,,2018/8/1,,,
124,東京都,世田谷区,弦巻保育園(区立),弦巻3-15-5,,認可,,,2018/8/1,,,
125,東京都,世田谷区,西弦巻保育園(区立),弦巻5-13-5,,認可,,,2018/8/1,,,
126,東京都,世田谷区,南桜丘保育園(区立),桜丘3-10-18,,認可,,,2018/8/1,,,
127,東京都,世田谷区,わかくさ保育園(区立),経堂1-25-11,,認可,,,2018/8/1,,,
128,東京都,世田谷区,下馬保育園(区立),下馬5-32-11,,認可,,,2018/8/1,,,
129,東京都,世田谷区,駒沢保育園(区立),野沢4-22-2,,認可,,,2018/8/1,,,
130,東京都,世田谷区,上馬保育園(区立),上馬5-29-13,,認可,,,2018/8/1,,,
131,東京都,世田谷区,鳩ぽっぽ保育園(私立),太子堂1-15-5,,認可,,,2018/8/1,,,
132,東京都,世田谷区,さくらのその保育園(私立),桜丘2-1-8,,認可,,,2018/8/1,,,
133,東京都,世田谷区,池尻かもめ保育園(私立),池尻2-5-8,,認可,,,2018/8/1,,,
134,東京都,世田谷区,下馬鳩ぽっぽ保育園(私立),下馬3-14-9,,認可,,,2018/8/1,,,
135,東京都,世田谷区,下馬鳩ぽっぽ保育園分園野の花園(私立),三宿2-26-25,,認可,,,2018/8/1,,,
136,東京都,世田谷区,おともだち保育園(私立),下馬2-21-11,,認可,,,2018/8/1,,,
137,東京都,世田谷区,おともだち保育園分園こまどめ(私立),下馬4-18-1,,認可,,（駒留中学校校舎内）,2018/8/1,,,
138,東京都,世田谷区,おともだち保育園分園こまつなぎ(私立),下馬1-42-1,,認可,,,2018/8/1,,,
139,東京都,世田谷区,桜ヶ丘保育園(私立),桜丘4-19-33,,認可,,,2018/8/1,,,
140,東京都,世田谷区,経堂保育園(私立),経堂4-13-10,,認可,,,2018/8/1,,,
141,東京都,世田谷区,オリービア保育園(私立),上馬4-12-3,,認可,,,2018/8/1,,,
142,東京都,世田谷区,太子堂なごみ保育園(私立),太子堂2-3-10,,認可,,,2018/8/1,,,
143,東京都,世田谷区,烏山杉の子保育園分園みなみ風(私立),経堂5-38-14,,認可,,,2018/8/1,,,
144,東京都,世田谷区,すこやか園分園キリン(私立),桜丘5-19-16,,認可,,,2018/8/1,,,
145,東京都,世田谷区,もみの木保育園太子堂(私立),太子堂1-12-18,,認可,,,2018/8/1,,,
146,東京都,世田谷区,世田谷はっと保育園(私立),下馬4-1-8,,認可,,,2018/8/1,,,
147,東京都,世田谷区,遊愛保育園(私立),三宿2-16-32,,認可,,,2018/8/1,,,
148,東京都,世田谷区,桜すくすく保育園(私立),桜3-19-13,,認可,,,2018/8/1,,,
149,東京都,世田谷区,駒沢こだま保育園(私立),駒沢2-46-9,,認可,,,2018/8/1,,,
150,東京都,世田谷区,世田谷いちい保育園北ウイング(私立),弦巻5-10-22,,認可,,,2018/8/1,,,
151,東京都,世田谷区,世田谷いちい保育園南ウイング(私立),弦巻5-10-22,,認可,,,2018/8/1,,,
152,東京都,世田谷区,ポピンズナーサリースクール経堂南(私立),経堂1-41-3,,認可,,,2018/8/1,,,
153,東京都,世田谷区,キッズスマイル世田谷上馬(私立),上馬5-16-19,,認可,,,2018/8/1,,,
154,東京都,世田谷区,クラルテ保育園(私立),世田谷1-19-9,,認可,,,2018/8/1,,,
155,東京都,世田谷区,日生上馬保育園ひびき(私立),上馬4-31-9サニーサイド上馬1階,,認可,,,2018/8/1,,,
156,東京都,世田谷区,ラフ・クルー経堂保育園(私立),経堂1-6-17Grandir Kyodo1階,,認可,,,2018/8/1,,,
157,東京都,世田谷区,昭和ナースリー(私立),太子堂1-13-21,,認可,,,2018/8/1,,,
158,東京都,世田谷区,グローバルキッズ世田谷四丁目園(私立),世田谷4-1-3,,認可,,,2018/8/1,,,
159,東京都,世田谷区,グローバルキッズ若林園(私立),若林2-21-10,,認可,,,2018/8/1,,,
160,東京都,世田谷区,桜の詩保育園(私立),桜丘4-26-22,,認可,,,2018/8/1,,,
161,東京都,世田谷区,おともだち・ララ保育園(私立),下馬2-25-12,,認可,,,2018/8/1,,,
162,東京都,世田谷区,わらべうた三宿保育園(私立),池尻3-23-2 2階,,認可,,,2018/8/1,,,
163,東京都,世田谷区,祖師谷わかば保育園 千歳船橋分園あおばＡ(私立),経堂4-17-7,,認可,,,2018/8/1,,,
164,東京都,世田谷区,祖師谷わかば保育園 千歳船橋分園あおばＢ(私立),経堂4-17-7,,認可,,,2018/8/1,,,
165,東京都,世田谷区,三宿の杜なごみ保育園(私立),太子堂3-27-24,,認可,,,2018/8/1,,,
166,東京都,世田谷区,三軒茶屋えほん保育園(私立),三軒茶屋2-9-14,,認可,,,2018/8/1,,,
167,東京都,世田谷区,よつば保育園(私立),若林1-33-6,,認可,,,2018/8/1,,,
168,東京都,世田谷区,三茶こだま保育園(私立),上馬5-39-2,,認可,,,2018/8/1,,,
169,東京都,世田谷区,多聞幼稚園(区立認定こども園),三宿2-25-9,,認可,,,2018/8/1,,,
170,東京都,世田谷区,青葉学園野沢こども園,野沢1-3-19,,ことも園,,,2018/8/1,,,
171,東京都,世田谷区,昭和女子大学附属昭和こども園,太子堂1-7-57,,ことも園,,,2018/8/1,,,
172,東京都,世田谷区,日本大学認定こども園,野沢1-32-6,,ことも園,,,2018/8/1,,,
173,東京都,世田谷区,もみの木Mom太子堂,太子堂1-14-20太子堂区民センター,,小規模A,,西側の外階段2階部分,2018/8/1,,,
174,東京都,世田谷区,ふたばクラブ三軒茶屋保育園,上馬1-15-5,,小規模A,,,2018/8/1,,,
175,東京都,世田谷区,なかよしほいくえん,若林5-7-11 1階,,小規模A,,,2018/8/1,,,
176,東京都,世田谷区,ヤクルト経堂保育園,経堂5-38-26 2階,,(事業所内保育事業),,,2018/8/1,,,
177,東京都,世田谷区,代田保育園(区立),代田3-27-20,,認可,,,2018/8/1,,,
178,東京都,世田谷区,豪徳寺保育園(区立),豪徳寺1-34-2,,認可,,,2018/8/1,,,
179,東京都,世田谷区,下北沢保育園(区立),代沢5-34-15,,認可,,,2018/8/1,,,
180,東京都,世田谷区,大原保育園(区立),大原1-23-13,,認可,,,2018/8/1,,,
181,東京都,世田谷区,若竹保育園(区立),北沢5-18-4,,認可,,,2018/8/1,,,
182,東京都,世田谷区,松原北保育園(区立),松原1-11-4,,認可,,,2018/8/1,,,
183,東京都,世田谷区,赤堤保育園(区立),赤堤4-1-10,,認可,,,2018/8/1,,,
184,東京都,世田谷区,梅丘保育園(区立),松原6-6-9,,認可,,,2018/8/1,,,
185,東京都,世田谷区,春明保育園(私立),豪徳寺1-25-18,,認可,,,2018/8/1,,,
186,東京都,世田谷区,松原保育園(私立),松原5-33-16,,認可,,,2018/8/1,,,
187,東京都,世田谷区,早苗保育園(私立),桜上水3-18-12,,認可,,,2018/8/1,,,
188,東京都,世田谷区,早苗保育園分園ほなみ(私立),赤堤4-34-6,,認可,,,2018/8/1,,,
189,東京都,世田谷区,河田保育園(私立),赤堤1-3-23,,認可,,,2018/8/1,,,
190,東京都,世田谷区,成育しせい保育園梅丘分園(私立),梅丘1-31-36,,認可,,,2018/8/1,,,
191,東京都,世田谷区,東北沢ききょう保育園(私立),北沢1-20-11,,認可,,,2018/8/1,,,
192,東京都,世田谷区,梅丘なごみ保育園(私立),梅丘2-11-9,,認可,,,2018/8/1,,,
193,東京都,世田谷区,代沢みこころ保育園(私立),代沢2-27-1,,認可,,,2018/8/1,,,
194,東京都,世田谷区,みんなのおうち保育園(私立),桜上水5-3-28,,認可,,,2018/8/1,,,
195,東京都,世田谷区,羽根木のぞみ保育園(私立),羽根木1-7-11,,認可,,,2018/8/1,,,
196,東京都,世田谷区,赤堤ゆりの木保育園(私立),赤堤1-20-17,,認可,,,2018/8/1,,,
197,東京都,世田谷区,マリア保育園(私立),赤堤3-20-4,,認可,,,2018/8/1,,,
198,東京都,世田谷区,わらべうた経堂保育園(私立),桜上水1-7-10クールセリシエ1階,,認可,,,2018/8/1,,,
199,東京都,世田谷区,スマイルキッズ下北沢保育園(私立),北沢2-1-3,,認可,,,2018/8/1,,,
200,東京都,世田谷区,にじのおうち保育園(私立),桜上水2-11-1,,認可,,,2018/8/1,,,
201,東京都,世田谷区,代沢ききょう保育園(私立),代沢2-11-11,,認可,,,2018/8/1,,,
202,東京都,世田谷区,羽根木こども園,代田4-25-9,,こども園,,,2018/8/1,,,
203,東京都,世田谷区,円光院幼稚園(私立認定こども園),梅丘2-19-8,,認可,,,2018/8/1,,,
204,東京都,世田谷区,キラキラキッズナーサリー下北沢園,北沢2-37-18MANA下北沢 1階,,小規模A,,,2018/8/1,,,
205,東京都,世田谷区,南奥沢保育園(区立),奥沢1-2-13,,認可,,,2018/8/1,,,
206,東京都,世田谷区,奥沢保育園(区立),奥沢2-3-11,,認可,,,2018/8/1,,,
207,東京都,世田谷区,奥沢西保育園(区立),奥沢8-4-14,,認可,,,2018/8/1,,,
208,東京都,世田谷区,中町保育園(区立),中町3-27-2,,認可,,,2018/8/1,,,
209,東京都,世田谷区,玉川保育園(区立),玉川4-16-6,,認可,,,2018/8/1,,,
210,東京都,世田谷区,上用賀保育園(区立),上用賀4-2-10,,認可,,,2018/8/1,,,
211,東京都,世田谷区,ふじみ保育園(区立),上用賀5-19-6,,認可,,,2018/8/1,,,
212,東京都,世田谷区,用賀保育園(区立),用賀2-29-22,,認可,,,2018/8/1,,,
213,東京都,世田谷区,用賀保育園分園わくわく(区立),用賀2-28-20,,認可,,,2018/8/1,,,
214,東京都,世田谷区,深沢保育園(区立),深沢5-16-17,,認可,,,2018/8/1,,,
215,東京都,世田谷区,新町保育園(区立),駒沢4-3-1,,認可,,,2018/8/1,,,
216,東京都,世田谷区,めぐみ保育園(私立),深沢3-13-8,,認可,,,2018/8/1,,,
217,東京都,世田谷区,いずみ保育園(私立),深沢1-14-23,,認可,,,2018/8/1,,,
218,東京都,世田谷区,わかな保育園(私立),瀬田1-7-7,,認可,,,2018/8/1,,,
219,東京都,世田谷区,ナオミ保育園(私立),等々力4-13-10,,認可,,,2018/8/1,,,
220,東京都,世田谷区,ナオミ保育園分園ぶどうの木(私立),奥沢6-19-1,,認可,,,2018/8/1,,,
221,東京都,世田谷区,ナオミ保育園分園りんごの木(私立),野毛1-25-2,,認可,,,2018/8/1,,,
222,東京都,世田谷区,等々力保育園(私立),等々力5-22-22,,認可,,,2018/8/1,,,
223,東京都,世田谷区,等々力保育園分園このは(私立),等々力6-4-2,,認可,,,2018/8/1,,,
224,東京都,世田谷区,尾山台保育園(私立),尾山台1-1-6,,認可,,,2018/8/1,,,
225,東京都,世田谷区,用賀なのはな保育園(私立),用賀1-2-2,,認可,,,2018/8/1,,,
226,東京都,世田谷区,用賀なのはな保育園深沢分園(私立),新町1-3-31,,認可,,,2018/8/1,,,
227,東京都,世田谷区,さくらの木保育園(私立),玉川台2-18-18,,認可,,,2018/8/1,,,
228,東京都,世田谷区,身延山保育園(私立),瀬田4-12-4,,認可,,,2018/8/1,,,
229,東京都,世田谷区,身延山保育園分園さくら青空(私立),瀬田2-17-1,,認可,,,2018/8/1,,,
230,東京都,世田谷区,さくらしんまち保育園(私立),桜新町2-29-3,,認可,,,2018/8/1,,,
231,東京都,世田谷区,ぴっころ保育園(私立),桜新町2-13-17,,認可,,,2018/8/1,,,
232,東京都,世田谷区,グリーンヒル奥沢保育園(私立),奥沢1-48-13,,認可,,,2018/8/1,,,
233,東京都,世田谷区,グリーンヒル奥沢保育園 分園グリーンバレー等々力(私立),等々力2-33-14,,認可,,,2018/8/1,,,
234,東京都,世田谷区,青い空保育園分園森の家(私立),上用賀5-15-1,,認可,,（用賀中学校校舎内）,2018/8/1,,,
235,東京都,世田谷区,たまがわみんなの家保育園(私立),玉川3-39-22,,認可,,,2018/8/1,,,
236,東京都,世田谷区,グリーンフィールド上野毛保育園(私立),上野毛1-9-7,,認可,,,2018/8/1,,,
237,東京都,世田谷区,駒沢どろんこ保育園(私立),深沢2-19-14,,認可,,,2018/8/1,,,
238,東京都,世田谷区,ココファン・ナーサリー等々力(私立),等々力4-2-12,,認可,,,2018/8/1,,,
239,東京都,世田谷区,ふかさわミル保育園(私立),深沢1-32-24,,認可,,,2018/8/1,,,
240,東京都,世田谷区,せたがやこころ保育園(私立),深沢4-25-22,,認可,,,2018/8/1,,,
241,東京都,世田谷区,ベネッセ桜新町保育園(私立),桜新町2-12-4,,認可,,,2018/8/1,,,
242,東京都,世田谷区,わらべうた桜新町保育園(私立),桜新町1-1-6,,認可,,桜新町1-32-1？,2018/8/1,,,
243,東京都,世田谷区,ポピンズナーサリースクール,中町5-9-9,,認可,,,2018/8/1,,,
244,東京都,世田谷区,世田谷中町(私立),コミュニティプラザ1・2階,,認可,,,2018/8/1,,,
245,東京都,世田谷区,馬事公苑ひかり保育園(私立),上用賀4-16-14,,認可,,,2018/8/1,,,
246,東京都,世田谷区,用賀みこころ保育園(私立),用賀3-6-3グレイプス用賀1階,,認可,,,2018/8/1,,,
247,東京都,世田谷区,ニチイキッズ深沢坂上保育園(私立),深沢5-23-15,,認可,,,2018/8/1,,,
248,東京都,世田谷区,茶々とどろき保育園(私立),等々力7-7-9,,認可,,,2018/8/1,,,
249,東京都,世田谷区,世田谷仁慈保幼園(私立),玉堤2-13-11,,認可,,,2018/8/1,,,
250,東京都,世田谷区,キッド・ステイ世田谷南保育園(私立),玉川田園調布2-4-14,,認可,,,2018/8/1,,,
251,東京都,世田谷区,わらべうた等々力保育園(私立),等々力3-27-15パークハイム等々力三丁目壱番館,,認可,,,2018/8/1,,,
252,東京都,世田谷区,スマイルキッズ桜新町保育園(私立),桜新町2-6-4,,認可,,,2018/8/1,,,
253,東京都,世田谷区,グリーンホーム東玉川保育園(私立),東玉川1-21-13,,認可,,,2018/8/1,,,
254,東京都,世田谷区,尾山台みどり保育園(私立),尾山台3-29-2,,認可,,,2018/8/1,,,
255,東京都,世田谷区,上用賀青い空保育園(私立),上用賀6-8-17,,認可,,,2018/8/1,,,
256,東京都,世田谷区,用賀ルンビニ保育園(私立),用賀4-14-22,,認可,,,2018/8/1,,,
257,東京都,世田谷区,コンビプラザ等々力保育園(私立),等々力2-32-16ヴァレーサイドトドロキ2階,,認可,,,2018/8/1,,,
258,東京都,世田谷区,ホームマミーおくさわ,奥沢8-15-8,,小規模A,,,2018/8/1,,,
259,東京都,世田谷区,駒沢ほしにねがいを保育園Ａ,駒沢3-26-3ＷＯＯＤ ＣＯＵＲＴ101,,小規模A,,,2018/8/1,,,
260,東京都,世田谷区,駒沢ほしにねがいを保育園Ｂ,駒沢3-26-3ＷＯＯＤ ＣＯＵＲＴ101,,小規模A,,,2018/8/1,,,
261,東京都,世田谷区,駒沢ほしにねがいを保育園Ｃ,駒沢3-26-3ＷＯＯＤ ＣＯＵＲＴ101,,小規模A,,,2018/8/1,,,
262,東京都,世田谷区,船橋東保育園(区立),船橋5-14-19,,認可,,,2018/8/1,,,
263,東京都,世田谷区,希望丘保育園(区立),船橋6-26-5-101,,認可,,,2018/8/1,,,
264,東京都,世田谷区,船橋西保育園(区立),船橋7-20-16,,認可,,,2018/8/1,,,
265,東京都,世田谷区,小梅保育園(区立),喜多見2-10-41-101,,認可,,,2018/8/1,,,
266,東京都,世田谷区,喜多見保育園(区立),成城3-18-20,,認可,,,2018/8/1,,,
267,東京都,世田谷区,南大蔵保育園(区立),大蔵1-7-11,,認可,,,2018/8/1,,,
268,東京都,世田谷区,大蔵保育園(区立),砧4-5-12,,認可,,,2018/8/1,,,
269,東京都,世田谷区,祖師谷わかば保育園(私立),祖師谷2-5-38,,認可,,,2018/8/1,,,
270,東京都,世田谷区,砧保育園(私立),祖師谷4-3-17,,認可,,,2018/8/1,,,
271,東京都,世田谷区,世田谷つくしんぼ保育園(私立),祖師谷6-33-5,,認可,,,2018/8/1,,,
272,東京都,世田谷区,千歳保育園(私立),千歳台6-16-12,,認可,,,2018/8/1,,,
273,東京都,世田谷区,千歳なないろ保育園(私立),千歳台3-17-5,,認可,,,2018/8/1,,,
274,東京都,世田谷区,すこやか園(私立),船橋1-30-9,,認可,,,2018/8/1,,,
275,東京都,世田谷区,すこやか園分園クジラ(私立),砧2-14-12,,認可,,,2018/8/1,,,
276,東京都,世田谷区,宇奈根なごやか園(私立),宇奈根2-7-16,,認可,,,2018/8/1,,,
277,東京都,世田谷区,青い空保育園(私立),岡本2-5-11,,認可,,,2018/8/1,,,
278,東京都,世田谷区,成育しせい保育園(私立),大蔵2-10-18国立成育医療研究センター敷地内,,認可,,,2018/8/1,,,
279,東京都,世田谷区,大蔵ふたば保育園(私立),大蔵3-2-39,,認可,,,2018/8/1,,,
280,東京都,世田谷区,ひだまり保育園(私立),船橋4-3-2,,認可,,,2018/8/1,,,
281,東京都,世田谷区,喜多見バオバブ保育園(私立),喜多見1-4-7,,認可,,,2018/8/1,,,
282,東京都,世田谷区,成城つくしんぼ保育園(私立),成城8-27-17,,認可,,,2018/8/1,,,
283,東京都,世田谷区,岡本こもれび保育園(私立),岡本3-20-10,,認可,,,2018/8/1,,,
284,東京都,世田谷区,喜多見野の花保育園(私立),喜多見3-21-22,,認可,,,2018/8/1,,,
285,東京都,世田谷区,世田谷おとぎの森保育園(私立),岡本2-22-11,,認可,,,2018/8/1,,,
286,東京都,世田谷区,太陽の子世田谷船橋保育園(私立),船橋4-13-7,,認可,,,2018/8/1,,,
287,東京都,世田谷区,ココファン・ナーサリー砧保育園(私立),砧5-20-14,,認可,,,2018/8/1,,,
288,東京都,世田谷区,生活クラブ保育園ぽむ・砧(私立),砧2-11-14,,認可,,,2018/8/1,,,
289,東京都,世田谷区,生活クラブ保育園ぽむ・砧分園(私立),砧4-38-4グランドテラス1階,,認可,,,2018/8/1,,,
290,東京都,世田谷区,ちきゅうのこどもほいくえん成城(私立),大蔵5-7-29,,認可,,,2018/8/1,,,
291,東京都,世田谷区,太陽の子世田谷きぬた保育園(私立),砧4-26-8,,認可,,,2018/8/1,,,
292,東京都,世田谷区,ぽこころ保育園祖師谷(私立),祖師谷4-4-16,,認可,,,2018/8/1,,,
293,東京都,世田谷区,チャイルドスクエアそしがや(私立),祖師谷3-36-2,,認可,,,2018/8/1,,,
294,東京都,世田谷区,太陽の子めぐりさわ保育園(私立),千歳台4-14-1,,認可,,,2018/8/1,,,
295,東京都,世田谷区,太陽の子めぐりさわ保育園,千歳台2-8-23,,認可,,,2018/8/1,,,
296,東京都,世田谷区,分園太陽の子千歳台二丁目(私立),千歳台2-8-23,,認可,,,2018/8/1,,,
297,東京都,世田谷区,にじいろ保育園千歳台(私立),千歳台5-21-17,,認可,,,2018/8/1,,,
298,東京都,世田谷区,鎌田のびやか園(私立),鎌田4-12-17,,認可,,,2018/8/1,,,
299,東京都,世田谷区,鎌田のびやか園分園A(私立),成城6-13-2住友生命ビル1階,,認可,,,2018/8/1,,,
300,東京都,世田谷区,鎌田のびやか園分園B(私立),成城6-13-2住友生命ビル1階,,認可,,,2018/8/1,,,
301,東京都,世田谷区,鎌田のびやか園分園Ｃ(私立),成城6-13-2住友生命ビル1階,,認可,,,2018/8/1,,,
302,東京都,世田谷区,はあと保育園成城(私立),成城3-2-9,,認可,,,2018/8/1,,,
303,東京都,世田谷区,はあと保育園成城喜多見分園(私立),喜多見6-23-14,,認可,,,2018/8/1,,,
304,東京都,世田谷区,フラヌール保育園(私立),船橋3-1-1,,認可,,,2018/8/1,,,
305,東京都,世田谷区,フラヌール保育園分園(私立),船橋1-29-1世田谷信用金庫船橋支店3階,,認可,,,2018/8/1,,,
306,東京都,世田谷区,キッズスマイル世田谷千歳台(私立),千歳台3-11-13,,認可,,,2018/8/1,,,
307,東京都,世田谷区,もみの木保育園希望丘(私立),船橋4-29-8,,認可,,,2018/8/1,,,
308,東京都,世田谷区,らふ・くるー まむ,船橋5-17-1-101,,認可,,,2018/8/1,,,
309,東京都,世田谷区,いちご・ばなな・ぶどう,船橋5-17-7-104、105,,家庭的保育事業,,,2018/8/1,,,
310,東京都,世田谷区,青い空の家(小規模保育事業A型),岡本2-5-11,,小規模A,,,2018/8/1,,,
311,東京都,世田谷区,高木保育園(小規模保育事業A型),砧6-18-6 1階,,小規模A,,,2018/8/1,,,
312,東京都,世田谷区,えにっくす(小規模保育事業B型),千歳台5-23-13ペアステージ東館1階,,小規模B,,,2018/8/1,,,
313,東京都,世田谷区,松沢保育園(区立),上北沢1-32-3,,認可,,,2018/8/1,,,
314,東京都,世田谷区,上北沢保育園(区立),上北沢4-25-3,,認可,,,2018/8/1,,,
315,東京都,世田谷区,上祖師谷保育園(区立),上祖師谷1-16-17,,認可,,,2018/8/1,,,
316,東京都,世田谷区,上祖師谷南保育園(区立),上祖師谷4-6-7,,認可,,,2018/8/1,,,
317,東京都,世田谷区,南八幡山保育園(区立),八幡山3-9-20-101,,認可,,,2018/8/1,,,
318,東京都,世田谷区,八幡山保育園(区立),粕谷2-22-3,,認可,,（芦花小中敷地内）,2018/8/1,,,
319,東京都,世田谷区,給田保育園(区立),給田2-13-6,,認可,,,2018/8/1,,,
320,東京都,世田谷区,芦花保育園(区立),南烏山2-30-17-101,,認可,,,2018/8/1,,,
321,東京都,世田谷区,烏山北保育園(区立),北烏山3-13-35,,認可,,,2018/8/1,,,
322,東京都,世田谷区,西之谷保育園(区立),北烏山6-12-21,,認可,,,2018/8/1,,,
323,東京都,世田谷区,祖師谷保育園(私立),上祖師谷3-20-17,,認可,,,2018/8/1,,,
324,東京都,世田谷区,祖師谷保育園分園(私立),上祖師谷6-31-5,,認可,,,2018/8/1,,,
325,東京都,世田谷区,烏山杉の子保育園(私立),南烏山2-2-3,,認可,,,2018/8/1,,,
326,東京都,世田谷区,烏山保育園(私立),南烏山6-22-14,,認可,,,2018/8/1,,,
327,東京都,世田谷区,せたがや小鳥の森保育園(私立),北烏山8-9-13,,認可,,,2018/8/1,,,
328,東京都,世田谷区,北烏山なごみ保育園(私立),北烏山3-11-6,,認可,,,2018/8/1,,,
329,東京都,世田谷区,小さなおうち保育園(私立),上北沢3-1-20,,認可,,,2018/8/1,,,
330,東京都,世田谷区,烏山いちご保育園(私立),北烏山8-1-5,,認可,,,2018/8/1,,,
331,東京都,世田谷区,第二いちご保育園(私立),南烏山2-33-3,,認可,,,2018/8/1,,,
332,東京都,世田谷区,烏山翼保育園(私立),北烏山1-28-3,,認可,,,2018/8/1,,,
333,東京都,世田谷区,上北沢こぐま保育園(私立),上北沢1-32-10,,認可,,,2018/8/1,,,
334,東京都,世田谷区,いずみの園保育園(私立),上北沢4-19-2,,認可,,,2018/8/1,,,
335,東京都,世田谷区,茶々そしがやこうえん保育園(私立),上祖師谷3-10-3,,認可,,,2018/8/1,,,
336,東京都,世田谷区,茶々そしがやこうえん分園Ｐark side(私立),上祖師谷4-4-20,,認可,,,2018/8/1,,,
337,東京都,世田谷区,芦花ゆりかご保育園(私立),粕谷3-19-1,,認可,,,2018/8/1,,,
338,東京都,世田谷区,芦花の丘かたるば保育園(私立),粕谷1-20-1,,認可,,,2018/8/1,,,
339,東京都,世田谷区,ピノキオ幼児舎芦花保育園(私立),粕谷2-3-11,,認可,,,2018/8/1,,,
340,東京都,世田谷区,京王キッズプラッツ烏山(私立),南烏山5-17-5　子育てステーション烏山2階,,認可,,,2018/8/1,,,
341,東京都,世田谷区,おうち(1)(家庭的保育事業),上祖師谷1-16-16パークサイド101・102・103・105・106,,認可,,,2018/8/1,,,
342,東京都,世田谷区,おうち(2)(家庭的保育事業),上祖師谷5-11-17ビクトワール101号,,認可,,,2018/8/1,,,
343,東京都,世田谷区,おうち(3)(家庭的保育事業),上祖師谷7-1-8フジハイツ1階,,認可,,,2018/8/1,,,
344,東京都,世田谷区,ららるー保育園,北烏山1-59-7,,小規模A,,,2018/8/1,,,
345,東京都,世田谷区,千歳ぴっち小規模保育園,南烏山5-24-20,,小規模A,,,2018/8/1,,,
346,東京都,目黒区,駒場保育園,駒場 1-22-1,,認可,,,2018/8/1,,,
347,東京都,目黒区,菅刈保育園,青葉台 2-10-27,,認可,,,2018/8/1,,,
348,東京都,目黒区,東山保育園,東山 2-10-17,,認可,,,2018/8/1,,,
349,東京都,目黒区,中目黒駅前保育園,上目黒 1-26-1,,認可,,,2018/8/1,,,
350,東京都,目黒区,第二上目黒保育園,上目黒 2-15-8,,認可,,,2018/8/1,,,
351,東京都,目黒区,上目黒保育園,上目黒 3-39-20,,認可,,,2018/8/1,,,
352,東京都,目黒区,目黒保育園,目黒 1-7-16,,認可,,,2018/8/1,,,
353,東京都,目黒区,田道保育園,目黒 3-4-4,,認可,,,2018/8/1,,,
354,東京都,目黒区,不動保育園,下目黒 6-11-20,,認可,,,2018/8/1,,,
355,東京都,目黒区,中町保育園,中町 2-37-15,,認可,,,2018/8/1,,,
356,東京都,目黒区,祐天寺保育園,祐天寺 1-10-9,,認可,,,2018/8/1,,,
357,東京都,目黒区,中央町保育園,中央町 2-30-7,,認可,,,2018/8/1,,,
358,東京都,目黒区,目黒本町保育園,目黒本町 2-1-20,,認可,,,2018/8/1,,,
359,東京都,目黒区,原町保育園,原町 1-20-16,,認可,,,2018/8/1,,,
360,東京都,目黒区,南保育園,南 1-18-30,,認可,,,2018/8/1,,,
361,東京都,目黒区,第二ひもんや保育園,目黒本町 2-25-14,,認可,,,2018/8/1,,,
362,東京都,目黒区,ひもんや保育園,碑文谷 2-8-9,,認可,,,2018/8/1,,,
363,東京都,目黒区,第三ひもんや保育園,碑文谷 5-15-19,,認可,,,2018/8/1,,,
364,東京都,目黒区,鷹番保育園,鷹番 2-16-15,,認可,,,2018/8/1,,,
365,東京都,目黒区,大岡山保育園,大岡山 1-36-10,,認可,,,2018/8/1,,,
366,東京都,目黒区,八雲保育園,八雲 3-10-18,,認可,,,2018/8/1,,,
367,東京都,目黒区,キッズハウス池尻大橋保育園,大橋 2-3-5,,認可,,,2018/8/1,,,
368,東京都,目黒区,野のゆり保育園,大橋 2-15-12,,認可,,,2018/8/1,,,
369,東京都,目黒区,双葉の園保育園,大橋 2-16-6,,認可,,,2018/8/1,,,
370,東京都,目黒区,のぞみ保育園,大橋 2-19-1,,認可,,,2018/8/1,,,
371,東京都,目黒区,中目黒ちとせ保育園,上目黒 2-10-9,,認可,,,2018/8/1,,,
372,東京都,目黒区,桑の実中目黒保育園,上目黒 3-37-24,,認可,,,2018/8/1,,,
373,東京都,目黒区,コビープリスクールかみめぐろ,上目黒 5-5-8,,認可,,,2018/8/1,,,
374,東京都,目黒区,桜のこみち保育園,中目黒 2-6-20,,認可,,,2018/8/1,,,
375,東京都,目黒区,キッズガーデン中目黒,中目黒 3-5-8,,認可,,,2018/8/1,,,
376,東京都,目黒区,中目黒どろんこ保育園,中目黒 5-7-4,,認可,,,2018/8/1,,,
377,東京都,目黒区,アソシエ下目黒保育園,下目黒 2-19-3,,認可,,,2018/8/1,,,
378,東京都,目黒区,まなびの森保育園目黒,下目黒 2-24-12,,認可,,,2018/8/1,,,
379,東京都,目黒区,夢花保育園,中町 2-46-14,,認可,,,2018/8/1,,,
380,東京都,目黒区,アスク上目黒保育園,五本木 1-12-13,,認可,,,2018/8/1,,,
381,東京都,目黒区,蓮美幼児学園西小山ナーサリー,原町 1-14-20,,認可,,,2018/8/1,,,
382,東京都,目黒区,とりつだいさくらさくほいくえん,平町 2-2-20,,認可,,,2018/8/1,,,
383,東京都,目黒区,モニカ都立大園,緑が丘 1-2-14,,認可,,,2018/8/1,,,
384,東京都,目黒区,緑丘保育園,緑が丘 2-16-6,,認可,,,2018/8/1,,,
385,東京都,目黒区,にじいろ保育園自由が丘,自由が丘 1-2-13,,認可,,,2018/8/1,,,
386,東京都,目黒区,アソシエ柿の木坂マミー保育園,柿の木坂 1-31-14,,認可,,,2018/8/1,,,
387,東京都,目黒区,アソシエ柿の木坂保育園,柿の木坂 2-14-4,,認可,,,2018/8/1,,,
388,東京都,目黒区,アスクやくも保育園,八雲 3-12-10,,認可,,,2018/8/1,,,
389,東京都,目黒区,ナーサリールームベリーベアー八 雲,八雲 3-32-2,,認可,,,2018/8/1,,,
390,東京都,目黒区,東が丘保育園,東が丘 1-1-1,,認可,,,2018/8/1,,,
391,東京都,目黒区,（仮称）ＢｕｎＢｕ学院Ｊｒ．中目黒園,青葉台 1-15-14,,認可,,,2018/8/1,,,
392,東京都,目黒区,（仮称）めぐろさくらさくほいくえん,目黒 3-6,,認可,,,2018/8/1,,,
393,東京都,目黒区,（仮称）アソシエ目黒おおとり保育園,目黒 3-11-3,,認可,,,2018/8/1,,,
394,東京都,目黒区,（仮称）ゆらりん下目黒保育園,下目黒 6-18,,認可,,,2018/8/1,,,
395,東京都,目黒区,（仮称）油面ちとせ保育園,中町 1-5,,認可,,,2018/8/1,,,
396,東京都,目黒区,（仮称）かえで保育園,中央町 2-32,,認可,,,2018/8/1,,,
397,東京都,目黒区,（仮称）ポピンズナーサリースクール洗足,洗足 2-27-16,,認可,,,2018/8/1,,,
398,東京都,目黒区,（仮称）にじいろ保育園自由が丘目黒通り,自由が丘 2-23,,認可,,,2018/8/1,,,
399,東京都,目黒区,(仮称)くれよん保育園,五本木 2-15-9,,認可,,,2018/8/1,,,
400,東京都,目黒区,(仮称)くれよん保育園   分園,中町 2-48-33,,認可,,,2018/8/1,,,
401,東京都,目黒区,（仮称）アンジェリカ目黒本町保育園,目黒本町 3-16-2,,認可,,,2018/8/1,,,
402,東京都,目黒区,みどりがおか,緑が丘２−７−20  緑が丘文化会館別館隣接,,こども園,,,2018/8/1,,,
403,東京都,目黒区,げっこうはら,緑が丘２−７−20  緑が丘文化会館別館隣接,,こども園,,,2018/8/1,,,
404,東京都,目黒区,学栄ナーサリー目黒青葉台保育園,青葉台 3-10-9,,小規模,,,2018/8/1,,,
405,東京都,目黒区,ビーフェア目黒保育園,目黒 2-12-16,,小規模,,,2018/8/1,,,
406,東京都,目黒区,不動さつき保育園   ※,下目黒 5-18-4,,小規模,,,2018/8/1,,,
407,東京都,目黒区,ビーフェア中町保育園,中町 1-25-16,,小規模,,,2018/8/1,,,
408,東京都,目黒区,保育ルーム   目黒本町,目黒本町 6-13-20,,小規模,,,2018/8/1,,,
409,東京都,目黒区,ここいく保育園   碑文谷,碑文谷 2-8-2,,小規模,,,2018/8/1,,,
410,東京都,目黒区,こどもヶ丘保育園学芸大学園,碑文谷 6-1-24,,小規模,,,2018/8/1,,,
411,東京都,目黒区,Ｂａｂｙ  Ｏｎｅ（ベイビーワン）,鷹番 1-15-3,,小規模,,,2018/8/1,,,
412,東京都,目黒区,BUNBUN   GARDEN   学芸大学園,鷹番 3-14-4,,小規模,,,2018/8/1,,,
413,東京都,目黒区,マザーグース都立大学園,平町 1-26-18,,小規模,,,2018/8/1,,,
414,東京都,目黒区,ウィズブック保育園大岡山,大岡山 2-2-14,,小規模,,,2018/8/1,,,
415,東京都,目黒区,木下の保育園   都立大学,中根 2-13-18,,小規模,,,2018/8/1,,,
416,東京都,目黒区,学栄ナーサリー八雲保育園,八雲 1-12-9,,小規模,,,2018/8/1,,,
417,東京都,目黒区,Ｊキッズピース三宿保育園,東山 2-26,,事業所内保育所,,,2018/8/1,,,
418,東京都,大田区,美原,大森東一丁目28番2号,,認可,,,2018/8/1,,,
419,東京都,大田区,大森東一丁目,大森東一丁目31番2号105号室,,認可,,,2018/8/1,,,
420,東京都,大田区,子どもの家,大森東五丁目2番11号,,認可,,,2018/8/1,,,
421,東京都,大田区,森が崎,大森南二丁目2番15号,,認可,,,2018/8/1,,,
422,東京都,大田区,大森,大森南四丁目10番4号,,認可,,,2018/8/1,,,
423,東京都,大田区,大森南,大森南四丁目14番5号,,認可,,,2018/8/1,,,
424,東京都,大田区,キッズルームOhana平和島園,大森西二丁目2番29号,,認可,,,2018/8/1,,,
425,東京都,大田区,グローバルキッズ大森西園,大森西二丁目15番24号,,認可,,,2018/8/1,,,
426,東京都,大田区,大森西,大森西二丁目20番17号,,認可,,,2018/8/1,,,
427,東京都,大田区,（仮称）おはよう保育園大森西,大森西三丁目1番,,認可,,,2018/8/1,,,
428,東京都,大田区,富士見橋,大森西三丁目2番2号101号室,,認可,,,2018/8/1,,,
429,東京都,大田区,おはよう保育園大森町,大森西三丁目16番11号,,認可,,,2018/8/1,,,
430,東京都,大田区,大森西第二,大森西四丁目13番11号101号室,,認可,,,2018/8/1,,,
431,東京都,大田区,（仮称）ナーサリールームベリーベアー大森西 本園,大森西五丁目25番,,認可,,,2018/8/1,,,
432,東京都,大田区,（仮称）ナーサリールームベリーベアー大森西 分園,大森西三丁目28番5号,,認可,,,2018/8/1,,,
433,東京都,大田区,そらのいえ,大森中一丁目14番1号,,認可,,,2018/8/1,,,
434,東京都,大田区,キッズガーデン大森駅前,大森北一丁目2番3号　4階,,認可,,,2018/8/1,,,
435,東京都,大田区,大森駅前,大森北一丁目6番6号,,認可,,,2018/8/1,,,
436,東京都,大田区,えがおの森保育園おおもり駅前,大森北一丁目6番8号,,認可,,,2018/8/1,,,
437,東京都,大田区,メリーポピンズアトレ大森ルーム,大森北一丁目6番16号　アトレ大森2　3階,,認可,,,2018/8/1,,,
438,東京都,大田区,アスク大森,大森北一丁目10番14号　Luz大森5階,,認可,,,2018/8/1,,,
439,東京都,大田区,島田,大森北三丁目3番5号,,認可,,,2018/8/1,,,
440,東京都,大田区,大森北,大森北三丁目25番2号,,認可,,,2018/8/1,,,
441,東京都,大田区,大森北六丁目,大森北六丁目9番1号,,認可,,,2018/8/1,,,
442,東京都,大田区,へいわじまさくらさくほいくえん,大森北六丁目26番22号,,認可,,,2018/8/1,,,
443,東京都,大田区,はぐはぐドンキadventure保育園,山王三丁目6番3号 5階,,認可,,,2018/8/1,,,
444,東京都,大田区,山王,山王三丁目32番12号,,認可,,,2018/8/1,,,
445,東京都,大田区,ケンパ西馬込,西馬込一丁目16番18号,,認可,,,2018/8/1,,,
446,東京都,大田区,キッズラボ西馬込駅前保育園,西馬込一丁目29番5号,,認可,,,2018/8/1,,,
447,東京都,大田区,にじいろ保育園西馬込,西馬込二丁目28番16号,,認可,,,2018/8/1,,,
448,東京都,大田区,馬込ここわ保育園,南馬込一丁目1番6号,,認可,,,2018/8/1,,,
449,東京都,大田区,おおたみんなの家,南馬込一丁目9番1号先,,認可,,,2018/8/1,,,
450,東京都,大田区,南馬込第二,南馬込一丁目24番9号,,認可,,,2018/8/1,,,
451,東京都,大田区,南馬込,南馬込四丁目6番5号,,認可,,,2018/8/1,,,
452,東京都,大田区,にじいろ保育園南馬込,南馬込四丁目25番11号,,認可,,,2018/8/1,,,
453,東京都,大田区,グローバルキッズ西馬込園,南馬込五丁目30番2号　1階,,認可,,,2018/8/1,,,
454,東京都,大田区,ナーサリールーム・ベリーベアー西馬込,南馬込五丁目42番2号　2階,,認可,,,2018/8/1,,,
455,東京都,大田区,（仮称）にじいろ保育園南馬込第二,南馬込六丁目22番,,認可,,,2018/8/1,,,
456,東京都,大田区,（仮称）小鳩ナーサリースクール中馬込,中馬込二丁目2番18号,,認可,,,2018/8/1,,,
457,東京都,大田区,馬込,中馬込三丁目25番2号,,認可,,,2018/8/1,,,
458,東京都,大田区,ポピンズナーサリースクール馬込,中馬込三丁目22番21号,,認可,,,2018/8/1,,,
459,東京都,大田区,美奈見ここわ保育園,中央一丁目1番７号,,認可,,,2018/8/1,,,
460,東京都,大田区,入新井,中央二丁目16番17号,,認可,,,2018/8/1,,,
461,東京都,大田区,ナーサリー新井宿,中央四丁目13番18号,,認可,,,2018/8/1,,,
462,東京都,大田区,さくら中央,中央五丁目30番18号,,認可,,,2018/8/1,,,
463,東京都,大田区,中央八丁目,中央八丁目28番12号,,認可,,,2018/8/1,,,
464,東京都,大田区,桐里,池上一丁目13番3号,,認可,,,2018/8/1,,,
465,東京都,大田区,池上どろんこ,池上一丁目19番32号,,認可,,,2018/8/1,,,
466,東京都,大田区,ベネッセ池上,池上三丁目13番4号,,認可,,,2018/8/1,,,
467,東京都,大田区,あっぷる池上,池上三丁目29番11号,,認可,,,2018/8/1,,,
468,東京都,大田区,ケンパ池上,池上四丁目25番9号,,認可,,,2018/8/1,,,
469,東京都,大田区,池上第三,池上五丁目15番22号,,認可,,,2018/8/1,,,
470,東京都,大田区,クオリスキッズいけがみ,池上六丁目27番25号,,認可,,,2018/8/1,,,
471,東京都,大田区,マミーズエンジェル池上駅前,池上七丁目1番1号,,認可,,,2018/8/1,,,
472,東京都,大田区,池上長尾,池上八丁目25番6号,,認可,,,2018/8/1,,,
473,東京都,大田区,クオリスキッズくがはら,東嶺町28番4号,,認可,,,2018/8/1,,,
474,東京都,大田区,北嶺町,北嶺町19番13号,,認可,,,2018/8/1,,,
475,東京都,大田区,北嶺町第二,北嶺町28番7号,,認可,,,2018/8/1,,,
476,東京都,大田区,チェリッシュ桜坂,北嶺町37番29号,,認可,,,2018/8/1,,,
477,東京都,大田区,わかば,田園調布南8番23号,,認可,,,2018/8/1,,,
478,東京都,大田区,田園調布,田園調布本町7番15号,,認可,,,2018/8/1,,,
479,東京都,大田区,田園調布二丁目,田園調布二丁目17番2号,,認可,,,2018/8/1,,,
480,東京都,大田区,くがはらさくらさくほいくえん【第一園舎】,鵜の木1-5-12　,,認可,,,2018/8/1,,,
481,東京都,大田区,くがはらさくらさくほいくえん【第二園舎】,鵜の木3-6-11,,認可,,,2018/8/1,,,
482,東京都,大田区,（仮称）うのきさくらさくほいくえん,鵜の木一丁目16番,,認可,,,2018/8/1,,,
483,東京都,大田区,アスクうのき,鵜の木二丁目34番20号,,認可,,,2018/8/1,,,
484,東京都,大田区,グローバルキッズ鵜の木,鵜の木二丁目36番10号,,認可,,,2018/8/1,,,
485,東京都,大田区,多摩堤,鵜の木三丁目11番13号,,認可,,,2018/8/1,,,
486,東京都,大田区,（仮称）にじいろ保育園鵜の木,鵜の木三丁目35番,,認可,,,2018/8/1,,,
487,東京都,大田区,（仮称）グローバルキッズ千鳥町園,千鳥一丁目24番,,認可,,,2018/8/1,,,
488,東京都,大田区,千鳥,千鳥一丁目1番25号,,認可,,,2018/8/1,,,
489,東京都,大田区,千鳥さくら,千鳥二丁目28番11号,,認可,,,2018/8/1,,,
490,東京都,大田区,久が原ハーモニー,久が原一丁目1番9号,,認可,,,2018/8/1,,,
491,東京都,大田区,久が原,久が原二丁目16番17号,,認可,,,2018/8/1,,,
492,東京都,大田区,アスク久が原,久が原二丁目23番10号　1階,,認可,,,2018/8/1,,,
493,東京都,大田区,みらいく久が原園,久が原四丁目25番2号,,認可,,,2018/8/1,,,
494,東京都,大田区,アスクみなみ久が原,南久が原一丁目24番16号,,認可,,,2018/8/1,,,
495,東京都,大田区,鵜の木いまいずみ,南久が原二丁目30番5号,,認可,,,2018/8/1,,,
496,東京都,大田区,洗心,南千束二丁目2番6号,,認可,,,2018/8/1,,,
497,東京都,大田区,にじいろ保育園大岡山,南千束三丁目1番6号,,認可,,,2018/8/1,,,
498,東京都,大田区,千束,南千束三丁目23番10号,,認可,,,2018/8/1,,,
499,東京都,大田区,洗足池,南千束三丁目24番15号,,認可,,,2018/8/1,,,
500,東京都,大田区,このえ洗足池,南千束三丁目33番6号,,認可,,,2018/8/1,,,
501,東京都,大田区,ベネッセ西馬込,仲池上一丁目8番2号,,認可,,,2018/8/1,,,
502,東京都,大田区,仲池上,仲池上一丁目21番16号,,認可,,,2018/8/1,,,
503,東京都,大田区,天才キッズクラブ楽学館仲池上園,仲池上一丁目25番4号,,認可,,,2018/8/1,,,
504,東京都,大田区,森の保育園,仲池上一丁目31番13号　3階,,認可,,,2018/8/1,,,
505,東京都,大田区,いしかわだいさくらさく,東雪谷二丁目10番7号,,認可,,,2018/8/1,,,
506,東京都,大田区,雪谷,東雪谷三丁目6番1号,,認可,,,2018/8/1,,,
507,東京都,大田区,ベネッセ雪が谷大塚,南雪谷三丁目11番20号,,認可,,,2018/8/1,,,
508,東京都,大田区,（仮称）うれしい保育園南雪谷,南雪谷三丁目11番,,認可,,,2018/8/1,,,
509,東京都,大田区,太陽の子南雪谷保育園,南雪谷四丁目14番1号,,認可,,,2018/8/1,,,
510,東京都,大田区,ポピンズナーサリースクール長原,上池台一丁目16番7号　　1階・2階,,認可,,,2018/8/1,,,
511,東京都,大田区,ながはらさくらさくほいくえん【第1園舎】,上池台一丁目5番2号,,認可,,,2018/8/1,,,
512,東京都,大田区,ながはらさくらさくほいくえん【第2園舎】,南千束一丁目13番9号,,認可,,,2018/8/1,,,
513,東京都,大田区,（仮称）このえ長原,上池台一丁目45番,,認可,,,2018/8/1,,,
514,東京都,大田区,はぐはぐキッズ洗足池【mother】,上池台二丁目26番7号,,認可,,,2018/8/1,,,
515,東京都,大田区,はぐはぐキッズ洗足池【baby】,上池台二丁目37番2号　1階,,認可,,,2018/8/1,,,
516,東京都,大田区,小池,上池台四丁目23番9号,,認可,,,2018/8/1,,,
517,東京都,大田区,上池台,上池台五丁目11番17号,,認可,,,2018/8/1,,,
518,東京都,大田区,なかよし,東糀谷四丁目2番14号,,認可,,,2018/8/1,,,
519,東京都,大田区,東糀谷,東糀谷六丁目8番7号101号室,,認可,,,2018/8/1,,,
520,東京都,大田区,西糀谷しろはと,西糀谷一丁目4番22号,,認可,,,2018/8/1,,,
521,東京都,大田区,糀谷,西糀谷二丁目14番18号,,認可,,,2018/8/1,,,
522,東京都,大田区,浜竹,西糀谷三丁目34番18号,,認可,,,2018/8/1,,,
523,東京都,大田区,西糀谷,西糀谷四丁目5番7号,,認可,,,2018/8/1,,,
524,東京都,大田区,蒲田保育専門学校ふぞく糀谷駅前,西糀谷四丁目29番16号　2階,,認可,,,2018/8/1,,,
525,東京都,大田区,蒲田保育専門学校ふぞく北糀谷,北糀谷一丁目14番10号,,認可,,,2018/8/1,,,
526,東京都,大田区,羽田,羽田一丁目17番7号,,認可,,,2018/8/1,,,
527,東京都,大田区,弁天橋,羽田五丁目18番16号,,認可,,,2018/8/1,,,
528,東京都,大田区,本羽田,本羽田三丁目17番20号108号室,,認可,,,2018/8/1,,,
529,東京都,大田区,萩中,萩中一丁目2番1号,,認可,,,2018/8/1,,,
530,東京都,大田区,第三蒲田,萩中二丁目13番16号,,認可,,,2018/8/1,,,
531,東京都,大田区,東六郷,東六郷一丁目13番25号,,認可,,,2018/8/1,,,
532,東京都,大田区,志茂田,西六郷一丁目3番2号,,認可,,,2018/8/1,,,
533,東京都,大田区,西二なかよし,西六郷二丁目30番3号,,認可,,,2018/8/1,,,
534,東京都,大田区,ポピンズナーサリースクール西六郷,西六郷三丁目1番7号,,認可,,,2018/8/1,,,
535,東京都,大田区,みどり,西六郷三丁目30番20号101号室,,認可,,,2018/8/1,,,
536,東京都,大田区,よいこの,西六郷四丁目20番6号,,認可,,,2018/8/1,,,
537,東京都,大田区,いずも,南六郷一丁目10番3号101号室,,認可,,,2018/8/1,,,
538,東京都,大田区,南六郷,南六郷一丁目33番1号101号室,,認可,,,2018/8/1,,,
539,東京都,大田区,六郷,南六郷三丁目10番11号,,認可,,,2018/8/1,,,
540,東京都,大田区,仲六郷,仲六郷二丁目4番7号,,認可,,,2018/8/1,,,
541,東京都,大田区,このえ雑色,仲六郷二丁目7番11号,,認可,,,2018/8/1,,,
542,東京都,大田区,グローバルキッズ雑色園,仲六郷二丁目43番11号,,認可,,,2018/8/1,,,
543,東京都,大田区,高畑,仲六郷三丁目19番12号,,認可,,,2018/8/1,,,
544,東京都,大田区,（仮称）グローバルキッズ武蔵新田,下丸子一丁目17番（以下未定）,,認可,,,2018/8/1,,,
545,東京都,大田区,下丸子,下丸子二丁目20番15号,,認可,,,2018/8/1,,,
546,東京都,大田区,丸子ベビー,下丸子三丁目21番17号,,認可,,,2018/8/1,,,
547,東京都,大田区,キッズラボ下丸子園,下丸子四丁目6番19号アビタシオンエムズ1階,,認可,,,2018/8/1,,,
548,東京都,大田区,矢口第二,矢口二丁目21番16号　101号,,認可,,,2018/8/1,,,
549,東京都,大田区,今泉,矢口二丁目26番17号,,認可,,,2018/8/1,,,
550,東京都,大田区,おひさま,矢口三丁目34番12号,,認可,,,2018/8/1,,,
551,東京都,大田区,（仮称）キッズラボ蓮沼園,東矢口三丁目5番6号,,認可,,,2018/8/1,,,
552,東京都,大田区,キッズラボ矢口渡駅前保育園,多摩川一丁目7番16号,,認可,,,2018/8/1,,,
553,東京都,大田区,にじいろ保育園矢口渡,多摩川一丁目34番5号,,認可,,,2018/8/1,,,
554,東京都,大田区,多摩川,多摩川二丁目24番63号,,認可,,,2018/8/1,,,
555,東京都,大田区,東蒲田,東蒲田二丁目32番15号,,認可,,,2018/8/1,,,
556,東京都,大田区,えがおの森保育園かまた駅前,南蒲田一丁目1番25号3階,,認可,,,2018/8/1,,,
557,東京都,大田区,第二蒲田,南蒲田一丁目7番20号,,認可,,,2018/8/1,,,
558,東京都,大田区,レイモンド南蒲田,南蒲田二丁目16番2号　テクノポート三井生命ビル別館1階,,認可,,,2018/8/1,,,
559,東京都,大田区,西蒲田,西蒲田三丁目13番12号,,認可,,,2018/8/1,,,
560,東京都,大田区,（仮称）蒲田音楽学園第２,西蒲田四丁目11番5号,,認可,,,2018/8/1,,,
561,東京都,大田区,女塚,西蒲田四丁目23番8号,,認可,,,2018/8/1,,,
562,東京都,大田区,蒲田音楽学園,西蒲田四丁目27番2号,,認可,,,2018/8/1,,,
563,東京都,大田区,明日葉保育園相生園,西蒲田六丁目18番8号,,認可,,,2018/8/1,,,
564,東京都,大田区,ぽけっとランド西蒲田,西蒲田七丁目35番1号　3階,,認可,,,2018/8/1,,,
565,東京都,大田区,グローバルキッズ蒲田園,西蒲田八丁目20番8号　2階,,認可,,,2018/8/1,,,
566,東京都,大田区,アスク蒲田一丁目,蒲田一丁目2番13号,,認可,,,2018/8/1,,,
567,東京都,大田区,本蒲田,蒲田一丁目4番23号,,認可,,,2018/8/1,,,
568,東京都,大田区,第一蒲田,蒲田一丁目20番6号,,認可,,,2018/8/1,,,
569,東京都,大田区,キッズラボ蒲田園,蒲田五丁目44番5号　1階,,認可,,,2018/8/1,,,
570,東京都,大田区,蒲田本町,蒲田本町一丁目1番1号101号室,,認可,,,2018/8/1,,,
571,東京都,大田区,新蒲田,新蒲田一丁目18番23号,,認可,,,2018/8/1,,,
572,東京都,大田区,矢口,新蒲田二丁目12番18号,,認可,,,2018/8/1,,,
573,東京都,江戸川区,平井保育園,平井6丁目15番16号,,認可,1,,2018/8/1,,,
574,東京都,江戸川区,南平井保育園,平井3丁目4番7-101号,,認可,1,,2018/8/1,,,
575,東京都,江戸川区,西平井保育園,平井7丁目21番6号,,認可,1,,2018/8/1,,,
576,東京都,江戸川区,平井第二保育園,平井6丁目1番23-101号,,認可,1,,2018/8/1,,,
577,東京都,江戸川区,小松川第二保育園,小松川2丁目3番3-101号,,認可,1,,2018/8/1,,,
578,東京都,江戸川区,小松川第三保育園,小松川3丁目13番1号,,認可,1,,2018/8/1,,,
579,東京都,江戸川区,逆井保育園,平井1丁目24番33号,,認可,0,,2018/8/1,,,
580,東京都,江戸川区,光徳保育園,平井6丁目53番7号,,認可,0,,2018/8/1,,,
581,東京都,江戸川区,小松川おひさま保育園,小松川1丁目2番2-116号,,認可,1,,2018/8/1,,,
582,東京都,江戸川区,つくしんぼ保育園,平井3丁目6番6号,,認可,0,,2018/8/1,,,
583,東京都,江戸川区,松江保育園,東小松川1丁目5番13号,,認可,1,,2018/8/1,,,
584,東京都,江戸川区,大杉保育園,大杉1丁目16番9号,,認可,1,,2018/8/1,,,
585,東京都,江戸川区,南松島保育園,松島1丁目19番15号,,認可,1,,2018/8/1,,,
586,東京都,江戸川区,一之江第一保育園,一之江3丁目13番7号,,認可,1,,2018/8/1,,,
587,東京都,江戸川区,一之江保育園,一之江6丁目19番10号,,認可,1,,2018/8/1,,,
588,東京都,江戸川区,みづえ保育園,江戸川4丁目23番地,,認可,1,,2018/8/1,,,
589,東京都,江戸川区,西小松川保育園,西小松川町11番17号,,認可,1,,2018/8/1,,,
590,東京都,江戸川区,善隣館保育園,上一色1丁目13番1号,,認可,1,,2018/8/1,,,
591,東京都,江戸川区,東小松川おひさま保育園,松島1丁目40番18号,,認可,1,,2018/8/1,,,
592,東京都,江戸川区,松江おひさま保育園,松江1丁目10番5号,,認可,1,,2018/8/1,,,
593,東京都,江戸川区,アスク西一之江保育園,西一之江3丁目45番10号,,認可,0,,2018/8/1,,,
594,東京都,江戸川区,松本おひさま保育園,松本1丁目9番3号,,認可,1,,2018/8/1,,,
595,東京都,江戸川区,アゼリー保育園,中央1丁目8番21号,,認可,0,,2018/8/1,,,
596,東京都,江戸川区,にじいろ保育園一之江,一之江7丁目39番13号,,認可,0,,2018/8/1,,,
597,東京都,江戸川区,松島おひさま保育園,松島2丁目30番17号,,認可,1,,2018/8/1,,,
598,東京都,江戸川区,わんぱくすまいる保育園,松島3丁目39番15号,,認可,0,,2018/8/1,,,
599,東京都,江戸川区,ピノキオ幼児舎ゆめのこ保育園,一之江7丁目35番22号3階,,認可,0,,2018/8/1,,,
600,東京都,江戸川区,みのりのわかば保育園　東小松川本園,東小松川3丁目24番16号,,認可,0,,2018/8/1,,,
601,東京都,江戸川区,ゆずりは保育園,大杉3丁目23番17号,,認可,0,,2018/8/1,,,
602,東京都,江戸川区,小鳩ナーサリースクール一之江,一之江7丁目41番15号ドエルグリュック1階,,認可,0,,2018/8/1,,,
603,東京都,江戸川区,船堀保育園,船堀2丁目1番5号,,認可,1,,2018/8/1,,,
604,東京都,江戸川区,船堀第二保育園,船堀1丁目3番1号,,認可,1,,2018/8/1,,,
605,東京都,江戸川区,船堀第三保育園,船堀1丁目1番2-108号,,認可,1,,2018/8/1,,,
606,東京都,江戸川区,月映保育園,船堀6丁目9番30号,,認可,1,,2018/8/1,,,
607,東京都,江戸川区,マリヤ保育園,船堀2丁目19番4号,,認可,0,,2018/8/1,,,
608,東京都,江戸川区,船堀中央保育園,船堀2丁目23番10号,,認可,0,,2018/8/1,,,
609,東京都,江戸川区,船堀わんぱく保育園,船堀5丁目11番15号,,認可,0,,2018/8/1,,,
610,東京都,江戸川区,みのりのわかば保育園　船堀分園,船堀1丁目4番13号シャンサール船堀101,,認可,0,,2018/8/1,,,
611,東京都,江戸川区,なつめ保育園,船堀4丁目8番17号,,認可,0,,2018/8/1,,,
612,東京都,江戸川区,ソラスト船堀保育園,船堀3丁目15番15号レガティコーポ1階,,認可,0,,2018/8/1,,,
613,東京都,江戸川区,グローバルキッズ船堀園,船堀4丁目8番11号,,認可,0,,2018/8/1,,,
614,東京都,江戸川区,宇喜田保育園,北葛西2丁目19番1号,,認可,1,,2018/8/1,,,
615,東京都,江戸川区,小島保育園,西葛西5丁目8番2号,,認可,1,,2018/8/1,,,
616,東京都,江戸川区,新田保育園,西葛西8丁目2番1号,,認可,1,,2018/8/1,,,
617,東京都,江戸川区,堀江保育園,南葛西3丁目16番5号,,認可,1,,2018/8/1,,,
618,東京都,江戸川区,宇喜田第二保育園,中葛西4丁目9番5号,,認可,1,,2018/8/1,,,
619,東京都,江戸川区,堀江第二保育園,南葛西7丁目1番6号,,認可,1,,2018/8/1,,,
620,東京都,江戸川区,新田第二保育園,西葛西8丁目15番6-1号,,認可,1,,2018/8/1,,,
621,東京都,江戸川区,堀江第三保育園,南葛西7丁目2番5号,,認可,1,,2018/8/1,,,
622,東京都,江戸川区,東葛西保育園,東葛西9丁目10番1-101号,,認可,1,,2018/8/1,,,
623,東京都,江戸川区,清新第一保育園,清新町1丁目3番2-103号,,認可,1,,2018/8/1,,,
624,東京都,江戸川区,清新第三保育園,清新町2丁目8番4-105号,,認可,1,,2018/8/1,,,
625,東京都,江戸川区,臨海第一保育園,臨海町2丁目2番5号,,認可,1,,2018/8/1,,,
626,東京都,江戸川区,臨海第二保育園,臨海町5丁目1番2号,,認可,1,,2018/8/1,,,
627,東京都,江戸川区,白百合保育園,北葛西4丁目3番9号,,認可,0,,2018/8/1,,,
628,東京都,江戸川区,仲町保育園,東葛西9丁目6番5号,,認可,1,,2018/8/1,,,
629,東京都,江戸川区,ふきのとう保育園,中葛西6丁目4番7号,,認可,0,,2018/8/1,,,
630,東京都,江戸川区,葛西駅前さくら保育園,東葛西5丁目1番3号ボアビル2階,,認可,0,,2018/8/1,,,
631,東京都,江戸川区,葛西おひさま保育園,東葛西5丁目29番14号,,認可,1,,2018/8/1,,,
632,東京都,江戸川区,北葛西おひさま保育園,北葛西4丁目3番23号,,認可,1,,2018/8/1,,,
633,東京都,江戸川区,葛西第二おひさま保育園,中葛西2丁目11番13号,,認可,1,,2018/8/1,,,
634,東京都,江戸川区,春江おひさま保育園,春江町5丁目2番地,,認可,1,,2018/8/1,,,
635,東京都,江戸川区,たんぽぽ保育園,東葛西8丁目19番2号,,認可,0,,2018/8/1,,,
636,東京都,江戸川区,清新おひさま保育園,清新町1丁目1番37号,,認可,1,,2018/8/1,,,
637,東京都,江戸川区,南葛西おひさま保育園,南葛西5丁目18番1号,,認可,1,,2018/8/1,,,
638,東京都,江戸川区,西葛西おひさま保育園,西葛西5丁目10番12号,,認可,1,,2018/8/1,,,
639,東京都,江戸川区,中葛西おひさま保育園,中葛西6丁目17番15号,,認可,1,,2018/8/1,,,
640,東京都,江戸川区,清新第二おひさま保育園,清新町1丁目2番1-101号,,認可,1,,2018/8/1,,,
641,東京都,江戸川区,グローバルキッズ南葛西園,南葛西6丁目19番13号1階,,認可,0,,2018/8/1,,,
642,東京都,江戸川区,ほっぺるランド中葛西,中葛西1丁目1番15号,,認可,0,,2018/8/1,,,
643,東京都,江戸川区,ちゃいれっく西葛西駅ビル保育園,西葛西6丁目7番1号西葛西メトロセンターA棟1-1,,認可,0,,2018/8/1,,,
644,東京都,江戸川区,太陽の子　東葛西保育園,東葛西7丁目28番15号オンダビル1F,,認可,0,,2018/8/1,,,
645,東京都,江戸川区,アスク東葛西保育園,東葛西6丁目28番6号,,認可,0,,2018/8/1,,,
646,東京都,江戸川区,ポピンズナーサリースクール中葛西,中葛西5丁目21番2号,,認可,0,,2018/8/1,,,
647,東京都,江戸川区,西葛西ちとせ保育園,西葛西2丁目17番15号,,認可,0,,2018/8/1,,,
648,東京都,江戸川区,にじのいるか保育園南葛西,南葛西5丁目7番2号1階,,認可,0,,2018/8/1,,,
649,東京都,江戸川区,小岩保育園,北小岩6丁目49番9号,,認可,1,,2018/8/1,,,
650,東京都,江戸川区,南小岩保育園,南小岩4丁目5番8号,,認可,1,,2018/8/1,,,
651,東京都,江戸川区,西小岩保育園,西小岩2丁目13番2号,,認可,1,,2018/8/1,,,
652,東京都,江戸川区,ルーテル保育園,南小岩3丁目6番8号,,認可,0,,2018/8/1,,,
653,東京都,江戸川区,白鳩保育園,南小岩3丁目22番19号,,認可,1,,2018/8/1,,,
654,東京都,江戸川区,つぼみ保育園,南小岩7丁目4番9号,,認可,0,,2018/8/1,,,
655,東京都,江戸川区,ベルカント保育園,東小岩4丁目4番2号,,認可,1,,2018/8/1,,,
656,東京都,江戸川区,小岩みどり保育園,北小岩5丁目27番16号,,認可,1,,2018/8/1,,,
657,東京都,江戸川区,富士見保育園,北小岩2丁目15番8号,,認可,0,,2018/8/1,,,
658,東京都,江戸川区,なでしこ保育園,西小岩5丁目7番17号,,認可,0,,2018/8/1,,,
659,東京都,江戸川区,東小岩おひさま保育園,東小岩2丁目6番24号,,認可,1,,2018/8/1,,,
660,東京都,江戸川区,西小岩おひさま保育園,西小岩1丁目19番1号,,認可,1,,2018/8/1,,,
661,東京都,江戸川区,北小岩おひさま保育園,北小岩5丁目7番4号,,認可,0,,2018/8/1,,,
662,東京都,江戸川区,太陽の子北小岩保育園,北小岩4丁目29番21号,,認可,0,,2018/8/1,,,
663,東京都,江戸川区,東小岩わんぱく保育園,東小岩1丁目7番4号,,認可,0,,2018/8/1,,,
664,東京都,江戸川区,東篠崎保育園,東篠崎1丁目6番1号,,認可,1,,2018/8/1,,,
665,東京都,江戸川区,今井保育園,西瑞江3丁目38番地4,,認可,1,,2018/8/1,,,
666,東京都,江戸川区,江戸川二丁目保育園,江戸川2丁目31番地,,認可,1,,2018/8/1,,,
667,東京都,江戸川区,南篠崎保育園,南篠崎町3丁目12番8号,,認可,1,,2018/8/1,,,
668,東京都,江戸川区,春江第二保育園,春江町2丁目4番2号,,認可,1,,2018/8/1,,,
669,東京都,江戸川区,南篠崎第二保育園,南篠崎町5丁目11番1号,,認可,1,,2018/8/1,,,
670,東京都,江戸川区,篠崎保育園,南篠崎町1丁目1番24号,,認可,1,,2018/8/1,,,
671,東京都,江戸川区,ルンビニー保育園,江戸川3丁目8番地,,認可,1,,2018/8/1,,,
672,東京都,江戸川区,江戸川保育園,江戸川1丁目46番地,,認可,0,,2018/8/1,,,
673,東京都,江戸川区,なの花保育園,南篠崎町2丁目9番5号,,認可,0,,2018/8/1,,,
674,東京都,江戸川区,若葉インターナショナル幼保園　瑞江園,東瑞江3丁目55番21号101,,認可,0,,2018/8/1,,,
675,東京都,江戸川区,ココファン・ナーサリー瑞江,瑞江1丁目28番9号,,認可,0,,2018/8/1,,,
676,東京都,江戸川区,みどりの郷保育園,江戸川2丁目15番22号,,認可,0,,2018/8/1,,,
677,東京都,江戸川区,若葉インターナショナルナーサリー,瑞江2丁目14番7号エクレシア瑞江1階,,認可,0,,2018/8/1,,,
678,東京都,江戸川区,南篠崎おひさま保育園,南篠崎町5丁目13番40号,,認可,0,,2018/8/1,,,
679,東京都,江戸川区,新堀おひさま保育園,新堀2丁目13番13号,,認可,1,,2018/8/1,,,
680,東京都,江戸川区,鹿骨おひさま保育園,鹿骨2丁目23番1号,,認可,1,,2018/8/1,,,
681,東京都,江戸川区,西篠崎おひさま保育園,西篠崎2丁目6番11号,,認可,1,,2018/8/1,,,
682,東京都,江戸川区,篠崎わんぱく保育園,篠崎町2丁目19番21号,,認可,0,,2018/8/1,,,
683,東京都,江戸川区,しのざきさくらさくほいくえん,篠崎町7丁目13番18号,,認可,0,,2018/8/1,,,
684,東京都,江戸川区,なないろ保育園（本園）,上篠崎1丁目10番2号,,認可,3,,2018/8/1,,,
685,東京都,江戸川区,なないろ保育園（分園）,篠崎町1丁目24番6号,,認可,1,,2018/8/1,,,
686,東京都,足立区,日ノ出町,日ノ出町15番1号,,認可,0,,2018/8/1,,,
687,東京都,足立区,第二日ノ出町,日ノ出町19番3号,,認可,0,,2018/8/1,,,
688,東京都,足立区,北千住どろんこ,日ノ出町41番14号,,認可,0,,2018/8/1,,,
689,東京都,足立区,千住あずま,千住東二丁目20番17号,,認可,0,,2018/8/1,,,
690,東京都,足立区,せきや,千住関屋町16番1号,,認可,1,,2018/8/1,,,
691,東京都,足立区,まなびの森保育園千住大橋,千住緑町二丁目5番10号,,認可,0,,2018/8/1,,,
692,東京都,足立区,緑町,千住緑町二丁目17番11号,,認可,1,,2018/8/1,,,
693,東京都,足立区,千住,千住元町16番9号,,認可,1,,2018/8/1,,,
694,東京都,足立区,うぃず千住曙町,千住曙町17番3号,,認可,0,,2018/8/1,,,
695,東京都,足立区,クレアナーサリー千住大橋,千住橋戸町1番13号ポンテポルタ千住3F,,認可,0,,2018/8/1,,,
696,東京都,足立区,うぃず千住大橋駅前,千住橋戸町2番6号,,認可,0,,2018/8/1,,,
697,東京都,足立区,あい保育園千住大橋,千住河原町6番12号,,認可,0,,2018/8/1,,,
698,東京都,足立区,北千住もみじの森,千住龍田町6番22号,,認可,0,,2018/8/1,,,
699,東京都,足立区,北千住こども園,千住宮元町25番5号,,認可,0,,2018/8/1,,,
700,東京都,足立区,たんぽぽ保育所北千住園,千住宮元町31番8号,,認可,0,,2018/8/1,,,
701,東京都,足立区,キッズガーデン足立柳原,柳原一丁目30番7号,,認可,0,,2018/8/1,,,
702,東京都,足立区,宮城,宮城一丁目5番6-101号,,認可,1,,2018/8/1,,,
703,東京都,足立区,三星,宮城一丁目28番7号,,認可,0,,2018/8/1,,,
704,東京都,足立区,新田さくら,新田一丁目14番12-101号,,認可,0,,2018/8/1,,,
705,東京都,足立区,新田,新田二丁目1番10号,,認可,0,,2018/8/1,,,
706,東京都,足立区,保育園ヴィラ・ココロット,新田二丁目1番13号,,認可,0,,2018/8/1,,,
707,東京都,足立区,新田わかば,新田三丁目8番20号,,認可,1,,2018/8/1,,,
708,東京都,足立区,新田おひさま,新田三丁目14番3号,,認可,1,,2018/8/1,,,
709,東京都,足立区,新田三丁目なかよし,新田三丁目17番14号,,認可,1,,2018/8/1,,,
710,東京都,足立区,ココロット,新田三丁目35番22号,,認可,0,,2018/8/1,,,
711,東京都,足立区,さつき,江北一丁目15番3-103号,,認可,0,,2018/8/1,,,
712,東京都,足立区,江北,江北三丁目17番4号,,認可,0,,2018/8/1,,,
713,東京都,足立区,上沼田,江北四丁目17番20-101号,,認可,0,,2018/8/1,,,
714,東京都,足立区,にじいろ保育園江北,江北四丁目25番24号,,認可,0,,2018/8/1,,,
715,東京都,足立区,西新井教会,西新井本町一丁目22番5号,,認可,1,,2018/8/1,,,
716,東京都,足立区,西新井聖華,西新井本町二丁目4番24号,,認可,0,,2018/8/1,,,
717,東京都,足立区,興野,西新井本町四丁目19番23号,,認可,0,,2018/8/1,,,
718,東京都,足立区,興本,扇三丁目24番14号,,認可,1,,2018/8/1,,,
719,東京都,足立区,扇こころ,扇一丁目22番28号,,認可,0,,2018/8/1,,,
720,東京都,足立区,キッズガーデン足立扇,扇一丁目33番3号,,認可,0,,2018/8/1,,,
721,東京都,足立区,本木,本木東町18番17号,,認可,0,,2018/8/1,,,
722,東京都,足立区,本木東,本木二丁目13番11号,,認可,0,,2018/8/1,,,
723,東京都,足立区,いづみ,西新井栄町一丁目15番10号,,認可,0,,2018/8/1,,,
724,東京都,足立区,足立ひまわり,西新井栄町一丁目7番8号,,認可,0,,2018/8/1,,,
725,東京都,足立区,西新井きらきら,西新井栄町一丁目18番14号,,認可,0,,2018/8/1,,,
726,東京都,足立区,西新井きらきら「分園」,西新井栄町一丁目18番13号,,認可,0,,2018/8/1,,,
727,東京都,足立区,中部ひまわり,関原二丁目10番4号,,認可,0,,2018/8/1,,,
728,東京都,足立区,梅田,梅田四丁目2番19号,,認可,1,,2018/8/1,,,
729,東京都,足立区,親隣館,梅田四丁目29番6号,,認可,1,,2018/8/1,,,
730,東京都,足立区,日生梅島保育園ひびき,梅田五丁目25番33号ロイヤルパークス梅島1F,,認可,0,,2018/8/1,,,
731,東京都,足立区,エーワン梅島,梅島一丁目18番3号,,認可,0,,2018/8/1,,,
732,東京都,足立区,バンビ保育園梅島園,梅島三丁目4番8号,,認可,0,,2018/8/1,,,
733,東京都,足立区,うめだ「子供の家」,梅田七丁目19番23号,,認可,0,,2018/8/1,,,
734,東京都,足立区,島根,梅島三丁目14番18号,,認可,0,,2018/8/1,,,
735,東京都,足立区,日生梅島第二保育園ひびき,梅島三丁目17番20号,,認可,0,,2018/8/1,,,
736,東京都,足立区,五反野,足立二丁目26番14号,,認可,0,,2018/8/1,,,
737,東京都,足立区,子ひばり,足立二丁目33番2号,,認可,1,,2018/8/1,,,
738,東京都,足立区,高和,足立四丁目31番17号,,認可,0,,2018/8/1,,,
739,東京都,足立区,やよい,中央本町一丁目9番3-105号,,認可,0,,2018/8/1,,,
740,東京都,足立区,中央本町,中央本町四丁目11番39号,,認可,0,,2018/8/1,,,
741,東京都,足立区,足立梅島雲母,中央本町五丁目1番2号,,認可,0,,2018/8/1,,,
742,東京都,足立区,青井おひさま,青井一丁目7番6号,,認可,0,,2018/8/1,,,
743,東京都,足立区,青井,青井三丁目24番2-101号,,認可,0,,2018/8/1,,,
744,東京都,足立区,明日葉保育園青井園,青井四丁目6番21号,,認可,0,,2018/8/1,,,
745,東京都,足立区,聖華こうどう,弘道一丁目7番1号,,認可,0,,2018/8/1,,,
746,東京都,足立区,にじいろ保育園綾瀬,綾瀬六丁目20番7号,,認可,0,,2018/8/1,,,
747,東京都,足立区,西綾瀬りりおっこ,西綾瀬四丁目2番4号,,認可,0,,2018/8/1,,,
748,東京都,足立区,あやせ,東綾瀬一丁目5番17号,,認可,0,,2018/8/1,,,
749,東京都,足立区,足立若葉,東綾瀬一丁目16番21号,,認可,0,,2018/8/1,,,
750,東京都,足立区,東部若葉,東綾瀬一丁目25番23号,,認可,0,,2018/8/1,,,
751,東京都,足立区,恵・YOU,東綾瀬一丁目9番4号プラザ白うめ,,認可,0,,2018/8/1,,,
752,東京都,足立区,東綾瀬,東綾瀬二丁目12番13号,,認可,0,,2018/8/1,,,
753,東京都,足立区,東綾瀬きらきら,東綾瀬二丁目17番8号,,認可,0,,2018/8/1,,,
754,東京都,足立区,あやせババール園,東綾瀬三丁目9番1号,,認可,0,,2018/8/1,,,
755,東京都,足立区,チェリッシュ綾瀬,綾瀬三丁目13番1号,,認可,0,,2018/8/1,,,
756,東京都,足立区,東和,東和一丁目11番7号,,認可,0,,2018/8/1,,,
757,東京都,足立区,ビーフェア東和親水,東和二丁目26番9号,,認可,0,,2018/8/1,,,
758,東京都,足立区,コンビプラザ東和三丁目,東和三丁目13番1号,,認可,0,,2018/8/1,,,
759,東京都,足立区,聖母のさゆり,東和四丁目10番9号,,認可,1,,2018/8/1,,,
760,東京都,足立区,東,東和五丁目5番23号,,認可,0,,2018/8/1,,,
761,東京都,足立区,北綾瀬聖華,谷中一丁目32番9号,,認可,1,,2018/8/1,,,
762,東京都,足立区,チェリー,谷中二丁目16番16号,,認可,0,,2018/8/1,,,
763,東京都,足立区,隅田学園,中川四丁目37番22号,,認可,0,,2018/8/1,,,
764,東京都,足立区,大谷田第一,大谷田一丁目1番5-101号,,認可,0,,2018/8/1,,,
765,東京都,足立区,ナーサリースクールいずみ大谷田,大谷田一丁目1番9-101号,,認可,0,,2018/8/1,,,
766,東京都,足立区,辰沼,辰沼一丁目2番7-101号,,認可,1,,2018/8/1,,,
767,東京都,足立区,六木,六木一丁目5番10-101号,,認可,1,,2018/8/1,,,
768,東京都,足立区,神明町,神明二丁目10番4号,,認可,0,,2018/8/1,,,
769,東京都,足立区,六町あづま,南花畑一丁目13番4号,,認可,0,,2018/8/1,,,
770,東京都,足立区,東花畑,南花畑四丁目11番6-101号,,認可,1,,2018/8/1,,,
771,東京都,足立区,六町,南花畑二丁目25番11号,,認可,0,,2018/8/1,,,
772,東京都,足立区,北保木間,南花畑五丁目15番3-101号,,認可,1,,2018/8/1,,,
773,東京都,足立区,たんぽぽ保育所第二六町園,六町二丁目7番32号,,認可,0,,2018/8/1,,,
774,東京都,足立区,たんぽぽ保育所六町園,六町三丁目7番47号フェルックス1F,,認可,0,,2018/8/1,,,
775,東京都,足立区,レイモンド花畑,花畑三丁目42番8号,,認可,0,,2018/8/1,,,
776,東京都,足立区,花畑桑袋,花畑八丁目5番15-101号,,認可,1,,2018/8/1,,,
777,東京都,足立区,保木間,保木間三丁目25番9号,,認可,0,,2018/8/1,,,
778,東京都,足立区,南保木間,東保木間一丁目5番16-101号,,認可,1,,2018/8/1,,,
779,東京都,足立区,愛隣,東保木間一丁目10番16号,,認可,1,,2018/8/1,,,
780,東京都,足立区,東保木間,東保木間一丁目25番2-101号,,認可,0,,2018/8/1,,,
781,東京都,足立区,東栗原,一ツ家二丁目15番14-101号,,認可,1,,2018/8/1,,,
782,東京都,足立区,クレアナーサリー足立さくら園,一ツ家三丁目4番4号,,認可,0,,2018/8/1,,,
783,東京都,足立区,平野,平野三丁目18番1-101号,,認可,1,,2018/8/1,,,
784,東京都,足立区,栗原つくし,栗原一丁目14番18号,,認可,0,,2018/8/1,,,
785,東京都,足立区,中島根,島根二丁目33番2号,,認可,0,,2018/8/1,,,
786,東京都,足立区,島根いちい,島根四丁目26番7号,,認可,1,,2018/8/1,,,
787,東京都,足立区,渕江,竹の塚二丁目9番3号,,認可,1,,2018/8/1,,,
788,東京都,足立区,竹の塚,竹の塚三丁目7番33-106号,,認可,1,,2018/8/1,,,
789,東京都,足立区,竹の塚北,竹の塚六丁目18番2号,,認可,0,,2018/8/1,,,
790,東京都,足立区,西保木間,西保木間二丁目17番5-101号,,認可,1,,2018/8/1,,,
791,東京都,足立区,水神橋,西保木間四丁目12番4号,,認可,0,,2018/8/1,,,
792,東京都,足立区,野のはな,西加平一丁目1番5号,,認可,0,,2018/8/1,,,
793,東京都,足立区,六町駅前,西加平二丁目6番2号,,認可,0,,2018/8/1,,,
794,東京都,足立区,伊興すみれ,東伊興三丁目3番4号,,認可,0,,2018/8/1,,,
795,東京都,足立区,伊興,伊興四丁目11番25号,,認可,0,,2018/8/1,,,
796,東京都,足立区,伊興大境,西竹の塚一丁目10番5-101号,,認可,0,,2018/8/1,,,
797,東京都,足立区,西新井,西新井二丁目21番2号,,認可,1,,2018/8/1,,,
798,東京都,足立区,うぃず西新井,西新井三丁目13番15号,,認可,0,,2018/8/1,,,
799,東京都,足立区,清水,西新井四丁目2番1号,,認可,0,,2018/8/1,,,
800,東京都,足立区,アスク西新井,西新井四丁目18番7号,,認可,0,,2018/8/1,,,
801,東京都,足立区,i-,西新井四丁目28番7号,,認可,0,,2018/8/1,,,
802,東京都,足立区,足立このみ,江北六丁目29番9号,,認可,0,,2018/8/1,,,
803,東京都,足立区,第三上沼田,江北七丁目12番3-101号,,認可,1,,2018/8/1,,,
804,東京都,足立区,太陽,鹿浜五丁目25番17号,,認可,0,,2018/8/1,,,
805,東京都,足立区,谷在家,谷在家三丁目22番10-101号,,認可,1,,2018/8/1,,,
806,東京都,足立区,加賀,加賀二丁目31番5-101号,,認可,0,,2018/8/1,,,
807,東京都,足立区,聖,舎人一丁目3番13号,,認可,0,,2018/8/1,,,
808,東京都,足立区,アスクとねり,舎人五丁目1番3号,,認可,0,,2018/8/1,,,
809,東京都,足立区,いりや第一,舎人六丁目12番5-101号,,認可,1,,2018/8/1,,,
810,東京都,足立区,いりや第二,舎人六丁目11番2-101号,,認可,1,,2018/8/1,,,
811,東京都,中野区,なかみなみコスモ,南台三丁目6番17号,,認可,-,,2018/8/1,,,
812,東京都,中野区,南台,弥生町六丁目2番17号,,認可,-,,2018/8/1,,,
813,東京都,中野区,アートチャイルドケア中野南台森の保育園,南台五丁目15番5号,,認可,-,,2018/8/1,,,
814,東京都,中野区,中野みなみ,南台五丁目29番9号,,認可,-,,2018/8/1,,,
815,東京都,中野区,中野南台ちとせ,南台二丁目1番5号,,認可,-,,2018/8/1,,,
816,東京都,中野区,中野,弥生町二丁目6番3号,,認可,-,,2018/8/1,,,
817,東京都,中野区,弥生　　　　　　　　　　　　,弥生町五丁目4番8号,,認可,-,,2018/8/1,,,
818,東京都,中野区,本町,本町三丁目29番17号,,認可,-,,2018/8/1,,,
819,東京都,中野区,宮の台,本町四丁目14番13号,,認可,-,,2018/8/1,,,
820,東京都,中野区,マミーズエンジェル新中野,本町四丁目30番12号,,認可,-,,2018/8/1,,,
821,東京都,中野区,鍋横,本町五丁目47番13号,,認可,-,,2018/8/1,,,
822,東京都,中野区,太陽の子中野中央,中央一丁目13番8号,,認可,-,,2018/8/1,,,
823,東京都,中野区,仲町,中央二丁目52番15号,,認可,-,,2018/8/1,,,
824,東京都,中野区,橋場そらとみどりの保育園　　　　　　　　　大きなおうち,中央四丁目18番19号,,認可,-,,2018/8/1,,,
825,東京都,中野区,ひまわり,中央四丁目61番4号,,認可,-,,2018/8/1,,,
826,東京都,中野区,陽だまりの丘分園（ふたば）,東中野一丁目35番5号,,認可,-,,2018/8/1,,,
827,東京都,中野区,東中野プチ・クレイシュ,東中野五丁目1番1号,,認可,-,,2018/8/1,,,
828,東京都,中野区,陽だまりの丘,東中野五丁目17番3号,,認可,-,,2018/8/1,,,
829,東京都,中野区,※3※4宮園,中野一丁目58番9号,,認可,-,,2018/8/1,,,
830,東京都,中野区,もみじやま,中野一丁目59番5号,,認可,-,,2018/8/1,,,
831,東京都,中野区,なかのまるのなか保育園大きなおうち,中野2丁目18番4号,,認可,-,,2018/8/1,,,
832,東京都,中野区,桃が丘さゆり,中野三丁目19番13号,,認可,-,,2018/8/1,,,
833,東京都,中野区,コンビプラザ中野,中野四丁目6番20号,,認可,-,,2018/8/1,,,
834,東京都,中野区,※5打越,中野五丁目26番12号,,認可,-,,2018/8/1,,,
835,東京都,中野区,昭和,中野六丁目2番11号,,認可,-,,2018/8/1,,,
836,東京都,中野区,ナーサリールームベリーベアー中野,上高田一丁目39番14号,,認可,-,,2018/8/1,,,
837,東京都,中野区,キッズガーデン中野上高田,上高田二丁目36番2号,,認可,-,,2018/8/1,,,
838,東京都,中野区,あさひ,上高田一丁目45番8号,,認可,-,,2018/8/1,,,
839,東京都,中野区,あけぼの,上高田二丁目58番21号,,認可,-,,2018/8/1,,,
840,東京都,中野区,なかのさくらさく,上高田二丁目41番6号,,認可,-,,2018/8/1,,,
841,東京都,中野区,ピオニイ,新井二丁目40番3号,,認可,-,,2018/8/1,,,
842,東京都,中野区,中野りとるぱんぷきんず,新井四丁目10番10号,,認可,-,,2018/8/1,,,
843,東京都,中野区,沼袋,沼袋一丁目34番14号,,認可,-,,2018/8/1,,,
844,東京都,中野区,にじいろ保育園松が丘,松が丘二丁目32番3号,,認可,-,,2018/8/1,,,
845,東京都,中野区,松が丘 ,沼袋二丁目17番5号,,認可,-,,2018/8/1,,,
846,東京都,中野区,沼袋西,沼袋三丁目14番11号,,認可,-,,2018/8/1,,,
847,東京都,中野区,江原,江原町一丁目10番16号,,認可,-,,2018/8/1,,,
848,東京都,中野区,江古田ここわ,江古田一丁目11番6号,,認可,-,,2018/8/1,,,
849,東京都,中野区,徳田,江古田三丁目15番2号,,認可,-,,2018/8/1,,,
850,東京都,中野区,なかよしの森,江古田四丁目16番13号,,認可,-,,2018/8/1,,,
851,東京都,中野区,ピノキオ幼児舎野方,丸山一丁目6番3号,,認可,-,,2018/8/1,,,
852,東京都,中野区,にじいろ保育園中野野方,野方一丁目41番9号,,認可,-,,2018/8/1,,,
853,東京都,中野区,丸山,丸山二丁目27番16号,,認可,-,,2018/8/1,,,
854,東京都,中野区,野方,野方一丁目35番8号,,認可,-,,2018/8/1,,,
855,東京都,中野区,野方さくら,野方四丁目41番7号,,認可,-,,2018/8/1,,,
856,東京都,中野区,大和東,大和町一丁目37番4号,,認可,-,,2018/8/1,,,
857,東京都,中野区,※6七海,大和町四丁目12番10号,,認可,-,,2018/8/1,,,
858,東京都,中野区,オンビーノスクエア野方,野方五丁目10番13号,,認可,-,,2018/8/1,,,
859,東京都,中野区,※3大和,若宮一丁目1番2号,,認可,-,,2018/8/1,,,
860,東京都,中野区,田中ナースリー若宮,若宮三丁目6番9号,,認可,-,,2018/8/1,,,
861,東京都,中野区,まなびの森保育園鷺ノ宮,若宮三丁目23番3号,,認可,-,,2018/8/1,,,
862,東京都,中野区,キッズガーデン中野白鷺,白鷺一丁目6番10号,,認可,-,,2018/8/1,,,
863,東京都,中野区,聖ピオ,白鷺一丁目15番15号,,認可,-,,2018/8/1,,,
864,東京都,中野区,白鷺,白鷺三丁目3番24号,,認可,-,,2018/8/1,,,
865,東京都,中野区,西鷺宮,鷺宮五丁目22番14号,,認可,-,,2018/8/1,,,
866,東京都,中野区,鷺宮クローバー,鷺宮二丁目4番3号,,認可,-,,2018/8/1,,,
867,東京都,中野区,とちの木,上鷺宮三丁目8番8号,,認可,-,,2018/8/1,,,
868,東京都,中野区,グローバルキッズ鷺ノ宮園,上鷺宮二丁目10番21号,,認可,-,,2018/8/1,,,
869,東京都,中野区,中野ひかり,上鷺宮四丁目18番8号,,認可,-,,2018/8/1,,,
870,東京都,江東区,うぃず清澄白河駅前,清澄3-10-5,6458?5016,認可,-,,2018/8/1,,,
871,東京都,江東区,神愛,森下3-10-7,3633?1580,認可,-,,2018/8/1,,,
872,東京都,江東区,森下,森下3-14-6,3635?1537,認可,-,,2018/8/1,,,
873,東京都,江東区,あゆみ,森下3-18-10,5625?2030,認可,-,,2018/8/1,,,
874,東京都,江東区,グローバルキッズ深川森下園（本園）,森下4-10-8,3635?1666,認可,-,,2018/8/1,,,
875,東京都,江東区,グローバルキッズ深川森下園（分園）,高橋2-4,3632?1755,認可,-,,2018/8/1,,,
876,東京都,江東区,白河,白河1-7-1,3641?1198,認可,-,,2018/8/1,,,
877,東京都,江東区,白河かもめ,白河1-5-1?101,3643?7671,認可,-,,2018/8/1,,,
878,東京都,江東区,子供の村,白河3-3-6,3641?1022,認可,-,,2018/8/1,,,
879,東京都,江東区,小鳩保育園清澄白河,白河3-10-8,3630?5810,認可,-,,2018/8/1,,,
880,東京都,江東区,さんいく保育園清澄白河,白河4-9-25,3643?0319,認可,-,,2018/8/1,,,
881,東京都,江東区,深川一丁目,深川1-6-15?101,3643?4845,認可,-,,2018/8/1,,,
882,東京都,江東区,おうち保育園門前仲町,深川2-16-10,6240?3955,小規模A,-,,2018/8/1,,,
883,東京都,江東区,ナーサリールームベリーベアー深川冬木,冬木1-5,5875?8628,認可,-,,2018/8/1,,,
884,東京都,江東区,まこと,冬木16-7,3641?1428,認可,-,,2018/8/1,,,
885,東京都,江東区,アスクもんなか,富岡1-14-17,5621?7511,認可,-,,2018/8/1,,,
886,東京都,江東区,木下の保育園    富岡,富岡2-11-6,3820?7441,認可,-,,2018/8/1,,,
887,東京都,江東区,古石場,古石場2-14?1?102,3643?0593,認可,-,,2018/8/1,,,
888,東京都,江東区,文化教養学園,石島6-7,3647?0166,こども園,-,,2018/8/1,,,
889,東京都,江東区,千田,千田22-8,5683?1266,認可,-,,2018/8/1,,,
890,東京都,江東区,猿江,猿江1-8-10,3631?7315,認可,-,,2018/8/1,,,
891,東京都,江東区,グローバルキッズ住吉園,住吉1-7-8,3631?8011,認可,-,,2018/8/1,,,
892,東京都,江東区,スマイルクラブナーサリー住吉,猿江2-16-5    1階,5625?3600,小規模A,-,,2018/8/1,,,
893,東京都,江東区,めばえ,住吉2-25-9,3634?0166,認可,-,,2018/8/1,,,
894,東京都,江東区,毛利,毛利2-1-14,3631?0692,認可,-,,2018/8/1,,,
895,東京都,江東区,アゼリヤ,木場1-3-5,3645?0484,認可,-,,2018/8/1,,,
896,東京都,江東区,スマイルクラブナーサリー木場,木場1-4-5,5665?5033,認可,-,,2018/8/1,,,
897,東京都,江東区,グレース,木場5-8-3,5245?6006,認可,-,,2018/8/1,,,
898,東京都,江東区,スターチス保育園（本園）,東陽3-27-32,6666?3883,認可,-,,2018/8/1,,,
899,東京都,江東区,スターチス保育園（分園）,木場5-11-15,5809?9969,認可,-,,2018/8/1,,,
900,東京都,江東区,マミー保育園東陽町,東陽2-2-14,3699?8201,認可,-,,2018/8/1,,,
901,東京都,江東区,ほっぺるランド東陽町,東陽2-4-46   2階,5635?6608,認可,-,,2018/8/1,,,
902,東京都,江東区,東陽,東陽3-22-1?101,3647?8458,認可,-,,2018/8/1,,,
903,東京都,江東区,テンダーラビング保育園東陽,東陽3-23-21,6458?7631,認可,-,,2018/8/1,,,
904,東京都,江東区,Kid's Patio 江東おひさま園,東陽5-31-21    １階,5606?8785,小規模B,-,,2018/8/1,,,
905,東京都,江東区,塩浜,塩浜1-3-10,3647?0480,認可,-,,2018/8/1,,,
906,東京都,江東区,聖華しおかぜ,塩浜1-4-46,5632?8771,認可,-,,2018/8/1,,,
907,東京都,江東区,塩崎,塩浜2-6-3,3645?6014,認可,-,,2018/8/1,,,
908,東京都,江東区,深川愛隣,枝川2-25-10,3645?9900,認可,-,,2018/8/1,,,
909,東京都,江東区,愛隣シャローム,枝川3-6-15,3645?5858,認可,-,,2018/8/1,,,
910,東京都,江東区,シンフォニア（本園）,豊洲2-5-3?101,5547?0083,認可,-,,2018/8/1,,,
911,東京都,江東区,シンフォニア（分園）,豊洲2-1-20,5547?5310,認可,-,,2018/8/1,,,
912,東京都,江東区,ＴＫチルドレンズファーム豊洲校,豊洲3-4-82階,6802?7081,認可,-,,2018/8/1,,,
913,東京都,江東区,蓮美幼児学園とよすナーサリー,豊洲3-5-21?102,3534?4152,認可,-,,2018/8/1,,,
914,東京都,江東区,蓮美幼児学園第２とよすナーサリー,豊洲3-5-3,3532?4152,認可,-,,2018/8/1,,,
915,東京都,江東区,アスク豊洲,豊洲3-6-8１階,5560?0220,認可,-,,2018/8/1,,,
916,東京都,江東区,日生豊洲駅前保育園ひびき,豊洲4-1-24,6204?9771,認可,-,,2018/8/1,,,
917,東京都,江東区,豊洲（本園舎）,豊洲4-5-6?101,3533?5427,認可,-,,2018/8/1,,,
918,東京都,江東区,豊洲（仮設園舎）※平成32年度までを予定,豊洲4-8（以下未定）,3533?5427,認可,-,,2018/8/1,,,
919,東京都,江東区,ゆらりん豊四,豊洲4-10-1?106,3532?1044,認可,-,,2018/8/1,,,
920,東京都,江東区,おうち保育園とよす,豊洲4-10-4?106,5534?8824,小規模A,-,,2018/8/1,,,
921,東京都,江東区,ひまわりキッズガーデン豊洲,豊洲4-11-20?138,3532?4131,認可,-,,2018/8/1,,,
922,東京都,江東区,江東湾岸サテライトナーサリースクール（本園）,有明3-7-26,6457?2707,認可,-,,2018/8/1,,,
923,東京都,江東区,江東湾岸サテライトナーサリースクール（分園）,豊洲5-5-1?101,5547?5288,認可,-,,2018/8/1,,,
924,東京都,江東区,キッズポケット豊洲,豊洲5-5-25,6204?9778,認可,-,,2018/8/1,,,
925,東京都,江東区,グローバルキッズ豊洲五丁目,豊洲5-6-29    1階,5166?9888,認可,-,,2018/8/1,,,
926,東京都,江東区,あい保育園豊洲,豊洲5-6-52    １階,6204?2205,認可,-,,2018/8/1,,,
927,東京都,江東区,小学館アカデミーしんとよす,豊洲6-2-10,3536?1700,認可,-,,2018/8/1,,,
928,東京都,江東区,豊洲めぐみこども園,豊洲6-2-30,5547?9008,こども園,-,,2018/8/1,,,
929,東京都,江東区,東雲,東雲1-8-5?101,3531?9575,認可,-,,2018/8/1,,,
930,東京都,江東区,YMCAオリーブ,東雲1-8-18,5166?0596,認可,-,,2018/8/1,,,
931,東京都,江東区,江東湾岸サテライトスマートナーサリースクール（本園）,有明1-5-22,6380?7411,認可,-,,2018/8/1,,,
932,東京都,江東区,江東湾岸サテライトスマートナーサリースクール（分園）,東雲1-9-10,3520?9777,認可,-,,2018/8/1,,,
933,東京都,江東区,ＹＭＣＡキャナルコート,東雲1-9-14?104,3615?1967,認可,-,,2018/8/1,,,
934,東京都,江東区,おうち保育園しののめ,東雲1-9-16?210,5534?8697,小規模A,-,,2018/8/1,,,
935,東京都,江東区,ひまわりキッズガーデン東雲,東雲1-9-18?203,5546?0102,認可,-,,2018/8/1,,,
936,東京都,江東区,しののめＹＭＣＡこども園,東雲1-9-46,5547?5388,認可,-,,2018/8/1,,,
937,東京都,江東区,東雲キャナルコートナーサリースクール,東雲1-9-51,5859?5547,認可,-,,2018/8/1,,,
938,東京都,江東区,みんなのみらいをつくる保育園東雲,東雲2-1- 22    2・3階,6380?7421,認可,-,,2018/8/1,,,
939,東京都,江東区,ナーサリールームベリーベアー東雲,東雲2-3-17    3階,3527?7905,認可,-,,2018/8/1,,,
940,東京都,江東区,東雲第二,東雲2-4-4?103,3529?1453,認可,-,,2018/8/1,,,
941,東京都,江東区,ひまわりキッズガーデン有明,有明1-4-11,3527?6217,認可,-,,2018/8/1,,,
942,東京都,江東区,ひまわりキッズガーデン有明の森,有明1-4-20,3529?4751,認可,-,,2018/8/1,,,
943,東京都,江東区,さんいく保育園有明,有明1-5-22階,6457?1319,認可,-,,2018/8/1,,,
944,東京都,江東区,辰巳第二,辰巳1-10-65?101,3521?0369,認可,-,,2018/8/1,,,
945,東京都,江東区,辰巳第三,辰巳1-10-81?101,3521?3263,認可,-,,2018/8/1,,,
946,東京都,江東区,潮見,潮見1-29-15?101,5632?1304,認可,-,,2018/8/1,,,
947,東京都,江東区,亀戸第三,亀戸1-24-6,3685?2883,認可,-,,2018/8/1,,,
948,東京都,江東区,クオリスキッズ亀戸保育園,亀戸2-10-10,5875?2741,認可,-,,2018/8/1,,,
949,東京都,江東区,陽だまり,亀戸2-6-2?102,5836?3221,認可,-,,2018/8/1,,,
950,東京都,江東区,アンジェリカ亀戸,亀戸4-13-18,5628?6250,認可,-,,2018/8/1,,,
951,東京都,江東区,亀戸第四,亀戸4-21-13,3685?2884,認可,-,,2018/8/1,,,
952,東京都,江東区,グローバルキッズ亀戸園,亀戸5-1-15,3684?5020,認可,-,,2018/8/1,,,
953,東京都,江東区,コビープリスクールかめいど,亀戸6-53-11,5858?6277,認可,-,,2018/8/1,,,
954,東京都,江東区,亀戸,亀戸6-54-2?101,3682?9546,認可,-,,2018/8/1,,,
955,東京都,江東区,まなびの森保育園亀戸,亀戸7-10-1    １階,3638?5500,認可,-,,2018/8/1,,,
956,東京都,江東区,江東亀戸サテライトグローバルキッズ堅川園（本園）,亀戸7-39-28,5609?1077,認可,-,,2018/8/1,,,
957,東京都,江東区,江東亀戸サテライトグローバルキッズ堅川園（分園）,亀戸2-18-5    １階,3636?8551,認可,-,,2018/8/1,,,
958,東京都,江東区,亀戸第二,亀戸7-41- 16    3・4階,3684?4386,認可,-,,2018/8/1,,,
959,東京都,江東区,亀戸こころ,亀戸9-34-1?140,5836?8011,認可,-,,2018/8/1,,,
960,東京都,江東区,亀戸こころ（分園）,亀戸7-63-3?118,5609?7272,認可,-,,2018/8/1,,,
961,東京都,江東区,亀戸浅間,亀戸9-36-10,3683?5601,認可,-,,2018/8/1,,,
962,東京都,江東区,グローバルキッズ西大島園,大島1-10-5,3637?8331,認可,-,,2018/8/1,,,
963,東京都,江東区,マミー保育園西大島,大島2-36-15,5875?3213,認可,-,,2018/8/1,,,
964,東京都,江東区,花と鳥,大島3-8-7,5627?3160,認可,-,,2018/8/1,,,
965,東京都,江東区,キャリー保育園にしおおじま,大島4-1-2?105,6807?0717,小規模A,-,,2018/8/1,,,
966,東京都,江東区,大島第二,大島4-1-6?130,3685?6059,認可,-,,2018/8/1,,,
967,東京都,江東区,大島第五,大島4-21-3?101,3637?0464,認可,-,,2018/8/1,,,
968,東京都,江東区,大島,大島5-53-1?101,3681?9026,認可,-,,2018/8/1,,,
969,東京都,江東区,大島第三,大島6-1-6?130,3685?9091,認可,-,,2018/8/1,,,
970,東京都,江東区,若葉インターナショナルナーサリー大島園,大島6-22-8，9    1階,5858?6593,認可,-,,2018/8/1,,,
971,東京都,江東区,かがやき,大島7-37-13,5858?9686,認可,-,,2018/8/1,,,
972,東京都,江東区,大島第四,大島8-12-20?101,3685?7471,認可,-,,2018/8/1,,,
973,東京都,江東区,わかば,大島9-7-8?101,3682?1461,認可,-,,2018/8/1,,,
974,東京都,江東区,小名木川,北砂1-3-30,3645?6807,認可,-,,2018/8/1,,,
975,東京都,江東区,北砂,北砂1-1-4?101,3647?4430,認可,-,,2018/8/1,,,
976,東京都,江東区,砂町,北砂4-18-27,3644?6722,認可,-,,2018/8/1,,,
977,東京都,江東区,砂町友愛園,北砂5-14-10,3644?7332,認可,-,,2018/8/1,,,
978,東京都,江東区,小名木川第二,北砂5-20-3?101,3647?9137,認可,-,,2018/8/1,,,
979,東京都,江東区,亀高,北砂5-20-9?101,3647?9138,認可,-,,2018/8/1,,,
980,東京都,江東区,亀高第二,北砂5-20-10?101,3648?9371,認可,-,,2018/8/1,,,
981,東京都,江東区,東砂第三,東砂1-5-3?101,3640?6447,認可,-,,2018/8/1,,,
982,東京都,江東区,東砂第二,東砂2-6-4?101,3648?4488,認可,-,,2018/8/1,,,
983,東京都,江東区,東砂,東砂2-13-2?101,3648?0710,認可,-,,2018/8/1,,,
984,東京都,江東区,ともしび,東砂6-2-16,3644?2747,認可,-,,2018/8/1,,,
985,東京都,江東区,東砂第四,東砂7-17-35?101,3648?7750,認可,-,,2018/8/1,,,
986,東京都,江東区,南砂第二,南砂2-3-1?101,3649?1766,認可,-,,2018/8/1,,,
987,東京都,江東区,南砂第三,南砂2-3-3?102,3649?1767,認可,-,,2018/8/1,,,
988,東京都,江東区,南砂第四,南砂2-3-4?101,3649?2143,認可,-,,2018/8/1,,,
989,東京都,江東区,南砂第五,南砂2-3-6?103,3649?2144,認可,-,,2018/8/1,,,
990,東京都,江東区,太陽の子南砂2丁目,南砂2-36-10,6666?0246,認可,-,,2018/8/1,,,
991,東京都,江東区,南砂町,南砂3-10-8,3644?6720,認可,-,,2018/8/1,,,
992,東京都,江東区,南砂第一,南砂4-4-1?102,3644?1706,認可,-,,2018/8/1,,,
993,東京都,江東区,ルーチェ保育園南砂,南砂4-18-4    1・2階,6666?5501,認可,-,,2018/8/1,,,
994,東京都,江東区,南砂さくら,南砂6-8-3,5690?2190,認可,-,,2018/8/1,,,
995,東京都,江東区,城東,南砂7-9-11,3646?7087,認可,-,,2018/8/1,,,
996,東京都,江東区,八幡,南砂7-14-17,3640?9830,認可,-,,2018/8/1,,,
997,東京都,江東区,新砂,新砂3-3-11,5677?1332,認可,-,,2018/8/1,,,
998,東京都,港区,芝保育園,芝5丁目18番1号101号室,,認可,0歳,,2018/8/1,,,
999,東京都,港区,神明保育園,浜松町1丁目6番7号,,認可,0歳,,2018/8/1,,,
1000,東京都,港区,芝公園保育園,芝公園2丁目7番3号,,認可,0歳,,2018/8/1,,,
1001,東京都,港区,アスク芝公園保育園,芝2丁目12番16号,,認可,0歳,,2018/8/1,,,
1002,東京都,港区,太陽の子三田保育園,三田1丁目2番18号2階,,認可,0歳,,2018/8/1,,,
1003,東京都,港区,グローバルキッズ虎ノ門保育園,虎ノ門3丁目19番13号虎ノ門スピリットビル3階,,認可,0歳,,2018/8/1,,,
1004,東京都,港区,こころ新橋保育園,新橋6丁目4番3号ル・グラシエルBLDG.7　2階,,認可,0歳,,2018/8/1,,,
1005,東京都,港区,あい保育園赤羽橋,三田1丁目3番31号Forecast三田2階,,認可,0歳,,2018/8/1,,,
1006,東京都,港区,南麻布保育園,南麻布4丁目2番29号101号室,,認可,0歳,,2018/8/1,,,
1007,東京都,港区,本村保育園,南麻布4丁目6番7号,,認可,0歳,,2018/8/1,,,
1008,東京都,港区,西麻布保育園,西麻布2丁目13番3号,,認可,0歳,,2018/8/1,,,
1009,東京都,港区,麻布保育園,六本木5丁目16番46号,,認可,0歳,,2018/8/1,,,
1010,東京都,港区,飯倉保育園,東麻布1丁目21番2号,,認可,0歳,,2018/8/1,,,
1011,東京都,港区,東麻布保育園,東麻布2丁目1番1号,,認可,0歳,,2018/8/1,,,
1012,東京都,港区,まなびの森保育園麻布,南麻布1丁目8番11号（東町小学校内）,,認可,0歳,,2018/8/1,,,
1013,東京都,港区,あい保育園南麻布,南麻布2丁目11番10号OJビル3階,,認可,0歳,,2018/8/1,,,
1014,東京都,港区,太陽の子南麻布保育園,南麻布4丁目11番30号南麻布渋谷ビル2階,,認可,0歳,,2018/8/1,,,
1015,東京都,港区,あい保育園元麻布,元麻布3丁目2番19号MOMON六本木ビル2階,,認可,0歳,,2018/8/1,,,
1016,東京都,港区,まちの保育園六本木,六本木1丁目9番10号,,認可,0歳,,2018/8/1,,,
1017,東京都,港区,まちの保育園六本木分園,アークヒルズ　仙石山森タワー,,認可,3歳,,2018/8/1,,,
1018,東京都,港区,あい・あい保育園麻布十番園,東麻布2丁目32番7号,,認可,0歳,,2018/8/1,,,
1019,東京都,港区,コスモス西麻布保育園,西麻布2丁目2番2号,,認可,0歳,,2018/8/1,,,
1020,東京都,港区,赤坂保育園,赤坂5丁目5番26号101,,認可,0歳,,2018/8/1,,,
1021,東京都,港区,南青山保育園,南青山1丁目3番15号,,認可,0歳,,2018/8/1,,,
1022,東京都,港区,青山保育園,北青山3丁目4番14号101号室,,認可,0歳,,2018/8/1,,,
1023,東京都,港区,赤坂ちとせ保育園,赤坂4丁目7番15号陽栄光和ビル1階,,認可,0歳,,2018/8/1,,,
1024,東京都,港区,太陽の子赤坂保育園,赤坂8丁目12番16号NOZY AKASAKA1階、2階、3階,,認可,0歳,,2018/8/1,,,
1025,東京都,港区,あい保育園青山一丁目,南青山1丁目3番1号パークアクシス青山一丁目タワー2階,,認可,0歳,,2018/8/1,,,
1026,東京都,港区,太陽の子南青山保育園,南青山4丁目1番6号セブン南青山ビル1階・2階,,認可,0歳,,2018/8/1,,,
1027,東京都,港区,小学館アカデミー南青山保育園,南青山4丁目15番8号南青山246ビル,,認可,0歳,,2018/8/1,,,
1028,東京都,港区,伊皿子坂保育園???????????　　??　??????? ? 　　　　　,三田4丁目19番30号,,認可,0歳,,2018/8/1,,,
1029,東京都,港区,高輪保育園,高輪3丁目18番15号,,認可,0歳,,2018/8/1,,,
1030,東京都,港区,白金保育園,白金3丁目10番12号,,認可,0歳,,2018/8/1,,,
1031,東京都,港区,太陽の子三田五丁目保育園,三田5丁目4番3号三田プラザビル3階,,認可,0歳,,2018/8/1,,,
1032,東京都,港区,みなと保育園,高輪1丁目6番9号,,認可,0歳,,2018/8/1,,,
1033,東京都,港区,愛星保育園,高輪1丁目27番40号,,認可,0歳,,2018/8/1,,,
1034,東京都,港区,ゆらりん高輪保育園,高輪1丁目5番38号,,認可,0歳,,2018/8/1,,,
1035,東京都,港区,高輪夢保育園,高輪3丁目25番33号長田ビル3階白金1丁目26番10号,,認可,0歳,,2018/8/1,,,
1036,東京都,港区,ゆらりん白金保育園,白金K-FLAT1階・2階の一部,,認可,0歳,,2018/8/1,,,
1037,東京都,港区,みつばち保育園,白金4丁目7番2号,,認可,0歳,,2018/8/1,,,
1038,東京都,港区,ニチイキッズ白金台保育園,白金台2丁目26番10号グリーンオーク高輪台2階,,認可,0歳,,2018/8/1,,,
1039,東京都,港区,高輪さつき保育園　　　　,高輪1丁目16番15号,,認可,0歳,,2018/8/1,,,
1040,東京都,港区,しばうら保育園,芝浦3丁目1番16号,,認可,0歳,,2018/8/1,,,
1041,東京都,港区,しばうら保育園分園,芝浦1丁目16番1号,,認可,0歳,,2018/8/1,,,
1042,東京都,港区,こうなん保育園,港南4丁目2番3号101号室,,認可,0歳,,2018/8/1,,,
1043,東京都,港区,台場保育園,台場1丁目5番1号,,認可,0歳,,2018/8/1,,,
1044,東京都,港区,たかはま保育園,港南4丁目3番7号,,認可,0歳,,2018/8/1,,,
1045,東京都,港区,太陽の子シーバンス保育園,芝浦1丁目2番2号シーバンスアモール3階,,認可,0歳,,2018/8/1,,,
1046,東京都,港区,太陽の子芝浦一丁目保育園,芝浦1丁目9番7号芝浦おもだかビル2階・3階,,認可,0歳,,2018/8/1,,,
1047,東京都,港区,アンジェリカ田町保育園,芝浦1丁目6番41号グローバルフロントタワー1階,,認可,0歳,,2018/8/1,,,
1048,東京都,港区,にじのいるか保育園芝浦,芝浦2丁目3番31号第二高取ビル2階,,認可,0歳,,2018/8/1,,,
1049,東京都,港区,太陽の子芝浦二丁目保育園,芝浦2丁目17番9号1階,,認可,0歳,,2018/8/1,,,
1050,東京都,港区,太陽の子芝浦三丁目保育園,芝浦3丁目20番2号山楽ビル2階、3階,,認可,0歳,,2018/8/1,,,
1051,東京都,港区,アスク芝浦4丁目保育園,芝浦4丁目12番28号,,認可,0歳,,2018/8/1,,,
1052,東京都,港区,ゆらりん港南保育園,港南1丁目6番27号SSJ品川ビル2階,,認可,0歳,,2018/8/1,,,
1053,東京都,港区,グローバルキッズ港南保育園,港南4丁目1番18号リバージュ品川2階,,認可,0歳,,2018/8/1,,,
1054,東京都,港区,ベネッセ港南保育園,港南4丁目6番7号,,認可,0歳,,2018/8/1,,,
1055,東京都,港区,ふたばクラブ港南保育園,港南2丁目16番6号,,認可,0歳,,2018/8/1,,,
1056,東京都,港区,芝浦アイランドこども園,芝浦4丁目20番1号,,認可,0歳,,2018/8/1,,,
1057,東京都,港区,正光寺保育園赤羽橋園,三田1丁目3番44号,,認可,0歳,,2018/8/1,,,
1058,東京都,港区,こころナーサリー新橋,新橋5丁目35番10号新橋アネックス1階,,認可,0歳,,2018/8/1,,,
1059,東京都,港区,ふらわぁきっず保育園新橋,新橋3丁目3番13号,,認可,0歳,,2018/8/1,,,
1060,東京都,港区,デイジー保育園麻布十番,麻布十番3丁目10番12号2階,,認可,0歳,,2018/8/1,,,
1061,東京都,港区,デイジー保育園麻布十番フォレスト,麻布十番3丁目10番12号3階,,認可,0歳,,2018/8/1,,,
1062,東京都,港区,ここいく保育園西麻布,西麻布4丁目10番1号,,認可,0歳,,2018/8/1,,,
1063,東京都,港区,こいくえん赤坂,赤坂4丁目14番14号,,認可,0歳,,2018/8/1,,,
1064,東京都,港区,sakura保育園,赤坂2丁目12番17号,,認可,0歳,,2018/8/1,,,
1065,東京都,港区,ふらわぁきっず保育園三田,三田5丁目5番7号,,認可,0歳,,2018/8/1,,,
1066,東京都,港区,ちゃいるど・はっぴっぴ!!白金保育園,白金3丁目2番9号1階,,認可,0歳,,2018/8/1,,,
1067,東京都,港区,港南あおぞら保育園,港南3丁目8番1号森永乳業港南ビル1階,,認可,0歳,,2018/8/1,,,
1068,東京都,港区,にじのそら保育園芝浦,芝浦1丁目14番6号,,認可,0歳,,2018/8/1,,,
1069,東京都,港区,ポポラー東京表参道園,南青山3丁目1番30号,,認可,0歳,,2018/8/1,,,
1070,東京都,港区,芝五丁目保育室,芝5丁目36番4号,,認可,1歳,,2018/8/1,,,
1071,東京都,港区,愛宕保育室,愛宕1丁目7番5号,,認可,0歳,,2018/8/1,,,
1072,東京都,港区,芝公園二丁目保育室,芝公園2丁目12番,,認可,1歳,,2018/8/1,,,
1073,東京都,港区,南麻布三丁目保育室,南麻布3丁目5番15号,,認可,0歳,,2018/8/1,,,
1074,東京都,港区,青南保育室,南青山4丁目19番18号,,認可,0歳,,2018/8/1,,,
1075,東京都,港区,第二青南保育室,南青山4丁目19番5号,,認可,0歳,,2018/8/1,,,
1076,東京都,港区,桂坂保育室,高輪3丁目19番36号,,認可,0歳,,2018/8/1,,,
1077,東京都,港区,志田町保育室,白金1丁目11番16号,,認可,0歳,,2018/8/1,,,
1078,東京都,港区,たまち保育室,芝浦3丁目4番1号グランパークプラザ棟2階,,認可,0歳,,2018/8/1,,,
1079,東京都,港区,芝浦橋保育室,芝浦4丁目6番8号田町ファーストビル2階,,認可,0歳,,2018/8/1,,,
1080,東京都,港区,港南四丁目保育室,港南4丁目2番4号都営住宅1階,,認可,0歳,,2018/8/1,,,
1081,東京都,港区,五色橋保育室,海岸3丁目5番13号,,認可,0歳,,2018/8/1,,,
1082,東京都,渋谷区,渋谷保育園,神宮前3-18-33,3401-0952,認可,0歳,,2018/8/1,,,
1083,東京都,渋谷区,幡ヶ谷保育園,本町5-35-12,3377-7595,認可,0歳,,2018/8/1,,,
1084,東京都,渋谷区,恵比寿保育園,恵比寿西2-8-1,3461-6276,認可,0歳,,2018/8/1,,,
1085,東京都,渋谷区,富ヶ谷保育園,富ヶ谷2-30-8,3467-3602,認可,0歳,,2018/8/1,,,
1086,東京都,渋谷区,新橋保育園,恵比寿1-27-10,3444-0463,認可,0歳,,2018/8/1,,,
1087,東京都,渋谷区,笹塚保育園,笹塚3-36-13,3376-6842,認可,0歳,,2018/8/1,,,
1088,東京都,渋谷区,大向保育園,松濤1-26-6,3468-2235,認可,0歳,,2018/8/1,,,
1089,東京都,渋谷区,初台保育園,初台2-17-22,3379-1734,認可,0歳,,2018/8/1,,,
1090,東京都,渋谷区,代々木保育園,代々木3-51-8,3370-7549,認可,0歳,,2018/8/1,,,
1091,東京都,渋谷区,広尾保育園,広尾5-7-1,3444-7457,認可,0歳,,2018/8/1,,,
1092,東京都,渋谷区,千駄谷なかよし園(千駄ヶ谷保育園)※,千駄ヶ谷3-34-9,3478-4494,認可,0歳,,2018/8/1,,,
1093,東京都,渋谷区,本町第三保育園,本町1-5-5,3378-4759,認可,0歳,,2018/8/1,,,
1094,東京都,渋谷区,元代々木保育園,元代々木町51-19,3465-8663,認可,0歳,,2018/8/1,,,
1095,東京都,渋谷区,鳩の森保育園,千駄ヶ谷4-28-8,3478-2037,認可,0歳,,2018/8/1,,,
1096,東京都,渋谷区,聖ヨゼフ保育園,代々木5-16-4,3460-9988,認可,0歳,,2018/8/1,,,
1097,東京都,渋谷区,広尾上宮保育園,広尾4-1-1,3407-9042,認可,0歳,,2018/8/1,,,
1098,東京都,渋谷区,保育園うさぎとかめ,笹塚2-31-8,3376-1663,認可,0歳,,2018/8/1,,,
1099,東京都,渋谷区,保育園うさぎとかめ分園★,笹塚3-48-1,3374-2070,認可,0歳,,2018/8/1,,,
1100,東京都,渋谷区,聖ヨゼフ保育園 西原,西原1-47-2,5452-3100,認可,0歳,,2018/8/1,,,
1101,東京都,渋谷区,さくら上宮保育園,桜丘町23-21,5458-5200,認可,0歳,,2018/8/1,,,
1102,東京都,渋谷区,ベネッセ美竹の丘保育園,渋谷1-18-9,5464-6817,認可,0歳,,2018/8/1,,,
1103,東京都,渋谷区,渋谷もりのこ保育園神南,宇田川町38-4,3780-2388,認可,0歳,,2018/8/1,,,
1104,東京都,渋谷区,西原保育園ゆめ,西原1-22-20,5790-8421,認可,0歳,,2018/8/1,,,
1105,東京都,渋谷区,キッズハーモニー・よよぎの杜◇,代々木2-35-1,6383-4138,認可,0歳,,2018/8/1,,,
1106,東京都,渋谷区,キッズハーモニー・NEWoMan◆,千駄ヶ谷5-24-55,6457-7614,認可,0歳,,2018/8/1,,,
1107,東京都,渋谷区,ほっぺるランド渋谷,鶯谷町2-16,6712-7810,認可,0歳,,2018/8/1,,,
1108,東京都,渋谷区,渋谷東ちとせ保育園,東4-7-8,3486-3180,認可,0歳,,2018/8/1,,,
1109,東京都,渋谷区,富ヶ谷ちとせ保育園,富ヶ谷1-31-3,3460-4515,認可,0歳,,2018/8/1,,,
1110,東京都,渋谷区,参宮橋ちとせ保育園,代々木4-50-13,3376-0616,認可,0歳,,2018/8/1,,,
1111,東京都,渋谷区,まなびの森保育園幡ヶ谷,幡ヶ谷2-42-15,未定,認可,0歳,,2018/8/1,,,
1112,東京都,渋谷区,グローバルキッズ幡ヶ谷園,本町1-19-3,未定,認可,0歳,,2018/8/1,,,
1113,東京都,渋谷区,太陽の子代々木西参道保育園,代々木4-27-6,未定,認可,0歳,,2018/8/1,,,
1114,東京都,渋谷区,西原りとるぱんぷきんず ※,西原2-46-4,5790-5012,こども園,0歳,,2018/8/1,,,
1115,東京都,渋谷区,西原りとるぱんぷきんずANNEX※,西原2-47-19,5738-5177,こども園,0歳,,2018/8/1,,,
1116,東京都,渋谷区,代々木至誠こども園,代々木5-14-16,3485-2466,こども園,0歳,,2018/8/1,,,
1117,東京都,渋谷区,薫る風・上原こども園※,上原2-2-17,3465-0415,こども園,0歳,,2018/8/1,,,
1118,東京都,渋谷区,薫る風・上原こども園アイリス※,上原1-18-6,5738-7875,こども園,0歳,,2018/8/1,,,
1119,東京都,渋谷区,神宮前あおぞらこども園,神宮前5-6-1,6418-4361,こども園,0歳,,2018/8/1,,,
1120,東京都,渋谷区,本町きらきらこども園,本町3-38-10,5358-5951,こども園,0歳,,2018/8/1,,,
1121,東京都,渋谷区,恵比寿のびのびこども園,恵比寿西1-19-1,5784-2531,こども園,0歳,,2018/8/1,,,
1122,東京都,渋谷区,本町そよかぜこども園,本町6-6-2,5333-2688,こども園,0歳,,2018/8/1,,,
1123,東京都,渋谷区,まちのこども園代々木上原,上原2-24-15,5738-8225,こども園,0歳,,2018/8/1,,,
1124,東京都,渋谷区,まちのこども園代々木公園,代々木神園町2-1,3460-1005,こども園,0歳,,2018/8/1,,,
1125,東京都,渋谷区,ぶれあ保育園・上原▲,上原1-25-1,未定,小規模,0歳,,2018/8/1,,,
1126,東京都,渋谷区,代官山保育園,代官山町7-9,3461-4423,認可,1歳,,2018/8/1,,,
1127,東京都,渋谷区,幡ヶ谷第二保育園,幡ヶ谷3-4-1,3378-0876,認可,1歳,,2018/8/1,,,
1128,東京都,渋谷区,氷川保育園,東2-20-18,3409-1190,認可,1歳,,2018/8/1,,,
1129,東京都,渋谷区,幡ヶ谷第三保育園,幡ヶ谷2-56-6,3376-1650,認可,1歳,,2018/8/1,,,
1130,東京都,渋谷区,笹塚第二保育園■,笹塚1-27-1,3377-3102,認可,1歳,,2018/8/1,,,
1131,東京都,渋谷区,神宮前保育園にじ,神宮前6-10-14,5774-0510,認可,1歳,,2018/8/1,,,
1132,東京都,渋谷区,あい・あい保育園  初台本町園,本町2-6-3 2F,6304-2931,認可,1歳,,2018/8/1,,,
1133,東京都,渋谷区,にしはらさくらさくほいくえん,西原2-33-17,6804-7401,認可,1歳,,2018/8/1,,,
1134,東京都,渋谷区,みんなのみらいをつくる保育園初台,代々木4-37-15,6304-2088,認可,1歳,,2018/8/1,,,
1135,東京都,渋谷区,ゆめの樹保育園はつだい,初台2-13,未定,認可,1歳,,2018/8/1,,,
1136,東京都,渋谷区,うえはらさくらさくほいくえん△,上原3-37,未定,認可,1歳,,2018/8/1,,,
1137,東京都,渋谷区,グローバルキッズ代々木上原園△,西原3-15-10,未定,認可,1歳,,2018/8/1,,,
1138,東京都,渋谷区,グローバルキッズ代々木八幡園△,代々木5-7-2,未定,認可,1歳,,2018/8/1,,,
1139,東京都,渋谷区,山谷かきのみ園（山谷幼稚園）※,代々木3-32-13,3370-1410,認可,1歳,,2018/8/1,,,
1140,東京都,渋谷区,千駄谷なかよし園（千駄谷幼稚園）※,千駄ヶ谷2-4-1千駄谷小学校内,3402-8280,認可,4歳,,2018/8/1,,,
1141,東京都,新宿区,大久保第一保育園,大久保3-11-1,3203-0346,認可,0,,2018/8/1,,,
1142,東京都,新宿区,高田馬場第二保育園,高田馬場1-4-17,3209-1433,認可,0,,2018/8/1,,,
1143,東京都,新宿区,長延保育園,市谷長延寺町8,3260-1335,認可,0,,2018/8/1,,,
1144,東京都,新宿区,富久町保育園,富久町22-21,3357-7720,認可,0,,2018/8/1,,,
1145,東京都,新宿区,戸山第二保育園,戸山2-18-101,3203-2385,認可,0,,2018/8/1,,,
1146,東京都,新宿区,中落合第二保育園,中落合2-7-24,3952-7165,認可,0,,2018/8/1,,,
1147,東京都,新宿区,西早稲田保育園,西早稲田1-9-30,3209-5294,認可,0,,2018/8/1,,,
1148,東京都,新宿区,東五軒町保育園,東五軒町5-24,3269-6820,認可,0,,2018/8/1,,,
1149,東京都,新宿区,百人町保育園,百人町2-18-21,3367-4991,認可,0,,2018/8/1,,,
1150,東京都,新宿区,弁天町保育園,弁天町50,3268-1337,認可,0,,2018/8/1,,,
1151,東京都,新宿区,早稲田南町保育園,早稲田南町50,3203-7848,認可,0,,2018/8/1,,,
1152,東京都,新宿区,早稲田南町保育園   分園,早稲田南町36,3204-5201,認可,0,,2018/8/1,,,
1153,東京都,新宿区,あい保育園落合,上落合１-5-2羽場ﾋﾞﾙﾃﾞｨﾝｸﾞ1〜3階,6908-7381,認可,0,,2018/8/1,,,
1154,東京都,新宿区,アスク神楽坂保育園1,矢来町98-1  ｽｷｯﾌﾟﾋﾞﾙ1Ｆ,@5225-6933,認可,0,,2018/8/1,,,
1155,東京都,新宿区,アスク神楽坂保育園2,矢来町89-2,A5206-4250,認可,0,,2018/8/1,,,
1156,東京都,新宿区,アスク新宿南町保育園,南町20-3,5225-2166,認可,1,,2018/8/1,,,
1157,東京都,新宿区,アスク薬王寺保育園,市谷薬王寺町51,5362-7177,認可,1,,2018/8/1,,,
1158,東京都,新宿区,エイビイシイ保育園 本園,(本園)大久保2-11-5,3232-9633,認可,0,,2018/8/1,,,
1159,東京都,新宿区,エイビイシイ保育園 分園,(分園)大久保2-16-1,3232-9633,認可,0,,2018/8/1,,,
1160,東京都,新宿区,オルト保育園,高田馬場3-40-3,5332-7081,認可,0,,2018/8/1,,,
1161,東京都,新宿区,ｷｯｽﾞﾀｳﾝ下落合保育園,下落合1-9-10,3365-1332,認可,0,,2018/8/1,,,
1162,東京都,新宿区,ｸﾞﾛｰﾊﾞﾙｷｯｽﾞ愛住町園,愛住町6,6380-6798,認可,0,,2018/8/1,,,
1163,東京都,新宿区,ｸﾞﾛｰﾊﾞﾙｷｯｽﾞ神楽坂園,神楽坂4-8神楽坂プラザビル1F,3269-8011,認可,0,,2018/8/1,,,
1164,東京都,新宿区,ｸﾞﾛｰﾊﾞﾙｷｯｽﾞ西落合保育園,西落合3-19-9,3952-5600,認可,0,,2018/8/1,,,
1165,東京都,新宿区,ｸﾞﾛｰﾊﾞﾙｷｯｽﾞ西新宿園,西新宿5-5-1   2F,6383-3793,認可,0,,2018/8/1,,,
1166,東京都,新宿区,ｸﾞﾛｰﾊﾞﾙｷｯｽﾞ若葉園,若葉1-9,3353-2002,認可,0,,2018/8/1,,,
1167,東京都,新宿区,獅子吼保育園,中井2-8-6,3951-0759,認可,1,,2018/8/1,,,
1168,東京都,新宿区,至誠会保育園,河田町10-13,3341-4677,認可,0,,2018/8/1,,,
1169,東京都,新宿区,下落合そらいろ保育園,中落合2-7-5   1F,3565-5050,認可,0,,2018/8/1,,,
1170,東京都,新宿区,新栄保育園,百人町3-21-14,6304-0241,認可,0,,2018/8/1,,,
1171,東京都,新宿区,新宿いるま保育園,戸山1-21-1,6302-1221,認可,0,,2018/8/1,,,
1172,東京都,新宿区,新宿こだま保育園,中落合4-25-19,5988-7807,認可,0,,2018/8/1,,,
1173,東京都,新宿区,新宿成子坂愛育園,西新宿6-7-39,3342-6907,認可,0,,2018/8/1,,,
1174,東京都,新宿区,新宿三つの木保育園もりさんかくしかく,大京町29,6457-4455,認可,0,,2018/8/1,,,
1175,東京都,新宿区,太陽の子   新小川町保育園,新小川町1-8こだまビル2F,5579-2348,認可,0,,2018/8/1,,,
1176,東京都,新宿区,東京母子愛育会保育園,北新宿4-21-14,3369-6005,認可,0,,2018/8/1,,,
1177,東京都,新宿区,にじいろ保育園高田馬場西,高田馬場1-24-16内田ﾋﾞﾙ1F,6302-1073,認可,0,,2018/8/1,,,
1178,東京都,新宿区,にじいろ保育園高田馬場東,高田馬場1-16-26,6205-6338,認可,1,,2018/8/1,,,
1179,東京都,新宿区,にじいろ保育園高田馬場南,大久保3-8-4   住友不動産新宿ｶﾞｰﾃﾞﾝﾀﾜｰｱﾈｯｸｽ2F,6457-6991,認可,0,,2018/8/1,,,
1180,東京都,新宿区,ﾆﾁｲｷｯｽﾞ曙橋保育園１,愛住町22  第3山田ﾋﾞﾙ1F,@5367-0196,認可,0,,2018/8/1,,,
1181,東京都,新宿区,ﾆﾁｲｷｯｽﾞ曙橋保育園２,市谷台町1-3  ﾓﾃﾞﾗｰﾄ1F,A5366-5127,認可,0,,2018/8/1,,,
1182,東京都,新宿区,八幡神社愛育園,上落合1-26-19,3368-3939,認可,1,,2018/8/1,,,
1183,東京都,新宿区,原町みゆき保育園,原町2-43,3356-2663,認可,0,,2018/8/1,,,
1184,東京都,新宿区,二葉南元保育園,南元町4,3351-3819,認可,0,,2018/8/1,,,
1185,東京都,新宿区,保育所まぁむ高田馬場駅前園,高田馬場3-1-5花川第2ﾋﾞﾙ1・2F,6279-1105,認可,0,,2018/8/1,,,
1186,東京都,新宿区,ほっぺるランド牛込,北山伏町1-2,6265-0841,認可,0,,2018/8/1,,,
1187,東京都,新宿区,ほっぺるランド神楽坂,榎町43-1ﾕﾆｿﾞ神楽坂ﾋﾞﾙ2・3F,5227-6798,認可,0,,2018/8/1,,,
1188,東京都,新宿区,ほっぺるランド北新宿,北新宿3-9-20,5937-2960,認可,1,,2018/8/1,,,
1189,東京都,新宿区,ほっぺるランド新大久保,大久保1-16-20,6380-3920,認可,0,,2018/8/1,,,
1190,東京都,新宿区,ほっぺるランド早稲田鶴巻町,早稲田鶴巻町575-1早稲田鶴巻町ﾊﾟｰｸ・ﾎｰﾑｽﾞ1Ｆ,3235-5008,認可,0,,2018/8/1,,,
1191,東京都,新宿区,ぽけっとランド市ヶ谷保育園,市谷船河原町1市ヶ谷ｴｽﾜﾝﾋﾞﾙ2･3F,5227-7520,認可,1,,2018/8/1,,,
1192,東京都,新宿区,ポピンズナーサリースクール市ヶ谷,払方町19-1ｴﾑｼﾞｰ市ヶ谷ﾋﾞﾙ2・3F,5946-8670,認可,0,,2018/8/1,,,
1193,東京都,新宿区,ポピンズナーサリースクール四ッ谷,市谷本村町2-10ｽﾄﾘｰﾑ市ヶ谷3F,5225-2015,認可,1,,2018/8/1,,,
1194,東京都,新宿区,よろい保育園,北新宿3-16-18,3369-3678,認可,0,,2018/8/1,,,
1195,東京都,新宿区,(仮称）ほっぺるランド上落合,上落合１-15-13,6908-8415,認可,0,,2018/8/1,,,
1196,東京都,新宿区,あいじつ子ども園,北町17,3266-0189,こども園,0,,2018/8/1,,,
1197,東京都,新宿区,大木戸子ども園,四谷4-17,3358-1431,こども園,0,,2018/8/1,,,
1198,東京都,新宿区,おちごなかい子ども園(乳児園舎),中井1-8-12,3361-7000,こども園,0,,2018/8/1,,,
1199,東京都,新宿区,おちごなかい子ども園(幼児園舎),上落合3-1-6,3227-2048,こども園,0,,2018/8/1,,,
1200,東京都,新宿区,柏木子ども園(乳児園舎),北新宿2-3-7,3369-5855,こども園,0,,2018/8/1,,,
1201,東京都,新宿区,柏木子ども園(幼児園舎),北新宿2-11-1,3227-2118,こども園,0,,2018/8/1,,,
1202,東京都,新宿区,北新宿子ども園,北新宿3-20-2,3365-0225,こども園,0,,2018/8/1,,,
1203,東京都,新宿区,しなのまち子ども園,信濃町20,3357-6853,こども園,0,,2018/8/1,,,
1204,東京都,新宿区,戸山第一子ども園,戸山2-26-101,3202-7879,こども園,0,,2018/8/1,,,
1205,東京都,新宿区,西落合子ども園,西落合1-31-24,3954-1064,こども園,0,,2018/8/1,,,
1206,東京都,新宿区,西新宿子ども園,西新宿4-35-5,3299-7727,こども園,0,,2018/8/1,,,
1207,東京都,新宿区,四谷子ども園,四谷2-6,5369-3775,こども園,0,,2018/8/1,,,
1208,東京都,新宿区,大久保わかくさ子ども園,大久保1-4-1,6265-9990,こども園,0,,2018/8/1,,,
1209,東京都,新宿区,しんえい子ども園   もくもく,高田馬場4-36-12,5332-5544,こども園,0,,2018/8/1,,,
1210,東京都,新宿区,新宿せいが子ども園,下落合2-10-20,3954-4190,こども園,0,,2018/8/1,,,
1211,東京都,新宿区,茶々ひがしとやま子ども園,戸山2-34-101,5155-4321,こども園,0,,2018/8/1,,,
1212,東京都,新宿区,富久ソラのこども園ちいさなうちゅう,富久町14-１,6380-0414,こども園,0,,2018/8/1,,,
1213,東京都,新宿区,富久ソラのこども園ちいさなうちゅう分園,新宿5-3-13,6380-6437,こども園,0,,2018/8/1,,,
1214,東京都,新宿区,保育ルームえどがわ園,水道町1-28（江戸川小学校内）,3266-7350,地域型保育,1,,2018/8/1,,,
1215,東京都,新宿区,保育ルームおちにすくすく園,上落合2-10-23(落合第二小学校内）,3227-0703,地域型保育,1,,2018/8/1,,,
1216,東京都,新宿区,保育ルームつるまき園,早稲田鶴巻町140（鶴巻幼稚園内）,3205-9525,地域型保育,1,,2018/8/1,,,
1217,東京都,新宿区,保育ルームべんてん,若松町16-2BENTEN  international  ビル,6302-1024,地域型保育,1,,2018/8/1,,,
1218,東京都,新宿区,保育ルーム早稲田,西早稲田  3-10  -12（戸塚第一小学校内）,6205-6331,地域型保育,1,,2018/8/1,,,
1219,東京都,新宿区,キッズパオ防衛省市ヶ谷保育園,市谷本村町5番1号防衛省市ヶ谷地区厚生棟2階,3235-3757,地域型保育,0,,2018/8/1,,,
1220,東京都,新宿区,とちょう保育園,西新宿2-8-1東京都議会議事堂１階南側,5990-5301,地域型保育,0,,2018/8/1,,,
1221,東京都,新宿区,もみの樹園事業所内保育所,上落合1-17-8   特別養護老人ﾎｰﾑ「もみの樹園」内6F,3565-7301,地域型保育,0,,2018/8/1,,,
1222,東京都,杉並区,杉並さゆり（7週目以上）,高円寺北4-34-22,?03-3337-1374,認可,0,,2018/8/1,,,
1223,東京都,杉並区,杉並さゆり保育園幼児分園（3歳以上）,高円寺北4-33-1,?03-5373-3530,認可,3,,2018/8/1,,,
1224,東京都,杉並区,杉並の家保育園浜田山駅前分園（7週目以上）,浜田山3-35-38ハイタウン浜田山1号館2階,?03-3313-3211,認可,0,,2018/8/1,,,
1225,東京都,杉並区,杉並の家（2歳以上）,浜田山4-31-5,?03-3312-3737,認可,2,,2018/8/1,,,
1226,東京都,杉並区,あい・あい保育園荻窪園,荻窪5-15-21トライアード2階,?03-6915-1161,認可,0,,2018/8/1,,,
1227,東京都,杉並区,あい保育園久我山,久我山5-28-13,?03-5941-8784,認可,0,,2018/8/1,,,
1228,東京都,杉並区,あい保育園下井草,下井草3-13-5,?03-6454-7582,認可,0,,2018/8/1,,,
1229,東京都,杉並区,アウル宮前,宮前2-11-11,?03-5941-5112,認可,0,,2018/8/1,,,
1230,東京都,杉並区,阿佐谷,阿佐谷北3-36-20,?03-3338-9418,認可,0,,2018/8/1,,,
1231,東京都,杉並区,アスクおぎくぼ,清水1-18-11,?03-5311-5803,認可,0,,2018/8/1,,,
1232,東京都,杉並区,アスク西荻南,西荻南1-6-3,?03-5336-9077,認可,0,,2018/8/1,,,
1233,東京都,杉並区,和泉ここわ,和泉2-17-5,?03-6265-7228,認可,0,,2018/8/1,,,
1234,東京都,杉並区,うぃず阿佐ヶ谷駅前,阿佐谷北1-15-3,?03-5327-8622,認可,0,,2018/8/1,,,
1235,東京都,杉並区,うぃず成田東,成田東3-17-32,?03-6454-6974,認可,0,,2018/8/1,,,
1236,東京都,杉並区,うぃず本天沼,本天沼2-42-24,?03-6454-7144,認可,0,,2018/8/1,,,
1237,東京都,杉並区,大空と大地のなーさりぃ下井草駅前園,井草1-6-11,?03-6913-7072,認可,0,,2018/8/1,,,
1238,東京都,杉並区,荻窪りとるぱんぷきんず,荻窪3-7-29,?03-5347-2088,認可,0,,2018/8/1,,,
1239,東京都,杉並区,グローバルキッズ荻窪,阿佐谷南3-13-12,?03-3220-8686,認可,0,,2018/8/1,,,
1240,東京都,杉並区,佼成育子園,和田1-16-7,?03-3381-0398,認可,0,,2018/8/1,,,
1241,東京都,杉並区,ココファン・ナーサリー桃井,桃井4-7-17,?03-5311-7570,認可,0,,2018/8/1,,,
1242,東京都,杉並区,コンビプラザ善福寺,善福寺1-16-19,?03-6913-5081,認可,0,,2018/8/1,,,
1243,東京都,杉並区,小学館アカデミーにしおぎ南,西荻南4-14-4,?03-5336-6141,認可,0,,2018/8/1,,,
1244,東京都,杉並区,上水,高井戸東2-3-4,?03-3333-8626,認可,0,,2018/8/1,,,
1245,東京都,杉並区,上水保育園西荻分園,西荻北3-5-5ドムス荻生101,?03-5303-8188,認可,0,,2018/8/1,,,
1246,東京都,杉並区,杉並大宙みたけ,上高井戸2-12-30,?03-3334-6711,認可,0,,2018/8/1,,,
1247,東京都,杉並区,杉並元氣,上井草4-6-6,?03-3394-9300,認可,0,,2018/8/1,,,
1248,東京都,杉並区,杉並の家ちゅうりっぷ,浜田山2-23-13,?03-6379-7861,認可,0,,2018/8/1,,,
1249,東京都,杉並区,杉並ゆりかご,成田東1-18-8,?03-3312-5851,認可,0,,2018/8/1,,,
1250,東京都,杉並区,テンダーラビング保育園天沼,本天沼3-13-21,?03-6913-7677,認可,0,,2018/8/1,,,
1251,東京都,杉並区,成田コスモ,成田西3-8-12,?03-3311-6060,認可,0,,2018/8/1,,,
1252,東京都,杉並区,Nicot井荻,井草3-1-8     2階,?03-5311-8650,認可,0,,2018/8/1,,,
1253,東京都,杉並区,にじいろ保育園南荻窪,南荻窪2-33-5,?03-5344-9450,認可,0,,2018/8/1,,,
1254,東京都,杉並区,にじのいるか保育園杉並井草,下井草5-7-19,?03-6913-7227,認可,0,,2018/8/1,,,
1255,東京都,杉並区,にじのいるか保育園杉並松の木,松ノ木1-12-39,?03-6454-6625,認可,0,,2018/8/1,,,
1256,東京都,杉並区,パピーナ本天沼,本天沼3-35-4,?03-6913-8911,認可,0,,2018/8/1,,,
1257,東京都,杉並区,Picoナーサリ久我山,久我山3-37-24,?03-5941-3020,認可,0,,2018/8/1,,,
1258,東京都,杉並区,Picoナーサリ久我山駅前,久我山4-2-15,?03-3332-7776,認可,0,,2018/8/1,,,
1259,東京都,杉並区,ピノキオ幼児舎井荻,井草4-15-16,?03-5311-1055,認可,0,,2018/8/1,,,
1260,東京都,杉並区,ピノキオ幼児舎桃井,上荻4-29-15さくら上荻ビル2階,?03-5303-2761,認可,0,,2018/8/1,,,
1261,東京都,杉並区,保育センターこどもの木かげ野のはな空のとり,松庵1-9-33,?03-3332-5345,認可,0,,2018/8/1,,,
1262,東京都,杉並区,方南隣保館,方南1-4-7,?03-3321-4815,認可,0,,2018/8/1,,,
1263,東京都,杉並区,ポピンズナーサリースクール久我山,久我山5-12-23,?03-5941-5174,認可,0,,2018/8/1,,,
1264,東京都,杉並区,まなびの森保育園荻窪,荻窪4-11-23,?03-3398-7400,認可,0,,2018/8/1,,,
1265,東京都,杉並区,まなびの森保育園高井戸,高井戸西1-9-4,?03-3334-8686,認可,0,,2018/8/1,,,
1266,東京都,杉並区,馬橋 ※2,高円寺南3-16,未定,認可,0,,2018/8/1,,,
1267,東京都,杉並区,宮前おおぞら,宮前2-24-22,?03-5336-1234,認可,0,,2018/8/1,,,
1268,東京都,杉並区,むさしの,和田1-8-20,?03-3383-1589,認可,0,,2018/8/1,,,
1269,東京都,杉並区,むさしの保育園方南分園,方南1-51-2,?03-3327-7552,認可,0,,2018/8/1,,,
1270,東京都,杉並区,明愛,和田1-61-15,?03-5340-7825,認可,0,,2018/8/1,,,
1271,東京都,杉並区,山吹あさがやきた,阿佐谷北3-29-12,?03-5356-5531,認可,0,,2018/8/1,,,
1272,東京都,杉並区,ゆめの樹保育園おぎくぼ,荻窪1-3-16,?03-6915-1457,認可,0,,2018/8/1,,,
1273,東京都,杉並区,ゆめの樹保育園なりたにし,成田西2-24-20,?03-6276-9805,認可,0,,2018/8/1,,,
1274,東京都,杉並区,ゆらりん荻窪,上荻1-21-20,?03-5335-9613,認可,0,,2018/8/1,,,
1275,東京都,杉並区,ラ・プリマブランカえいふく,永福2-17-12,?03-6304-3245,認可,0,,2018/8/1,,,
1276,東京都,杉並区,頌栄（4か月以上）,上荻3-15-12,?03-3399-8585,認可,0,,2018/8/1,,,
1277,東京都,杉並区,Agape井草（6か月以上）,井草1-31-9ビラニューロード101、102、105号室,?03-6454-7141,認可,0,,2018/8/1,,,
1278,東京都,杉並区,聖心（6か月以上）,桃井2-24-18,?03-3395-1005,認可,0,,2018/8/1,,,
1279,東京都,杉並区,上水保育園清水分園,清水3-22-11,?03-6454-7011,認可,1,,2018/8/1,,,
1280,東京都,杉並区,日生永福町駅前保育園ひびき,永福2-54-8,?03-6379-2815,認可,1,,2018/8/1,,,
1281,東京都,杉並区,のはら,阿佐谷南1-14-8,?03-5930-3236,認可,1,,2018/8/1,,,
1282,東京都,杉並区,ぴっころきっず西荻窪北口園,西荻北2-5-3杏順ビル1階,?03-6454-7780,認可,1,,2018/8/1,,,
1283,東京都,杉並区,ひのまるキッズガーデンナーサリー,荻窪5-17-15,?03-3391-1747,認可,1,,2018/8/1,,,
1284,東京都,杉並区,ベネッセ杉並和泉,和泉2-32-6,?03-5355-6700,認可,1,,2018/8/1,,,
1285,東京都,杉並区,荻窪北（9週目以上）,荻窪5-17-8,?03-3391-5171,認可,0,,2018/8/1,,,
1286,東京都,杉並区,高円寺北（9週目以上）,高円寺北2-32-7,?03-3338-2110,認可,0,,2018/8/1,,,
1287,東京都,杉並区,高円寺南（9週目以上）,高円寺南4-44-11,?03-3315-1391,認可,0,,2018/8/1,,,
1288,東京都,杉並区,下高井戸（9週目以上）,下高井戸3-31-11,?03-3303-1221,認可,0,,2018/8/1,,,
1289,東京都,杉並区,高井戸（9週目以上）,高井戸西1-31-3,?03-3332-0124,認可,0,,2018/8/1,,,
1290,東京都,杉並区,堀ノ内東（9週目以上）,堀ノ内3-49-19,?03-3315-7922,認可,0,,2018/8/1,,,
1291,東京都,杉並区,上高井戸（1歳以上）,久我山1-4-15,?03-3333-1777,認可,1,,2018/8/1,,,
1292,東京都,杉並区,上井草 ※3,上井草3-8-7,?03-3395-3648,認可,0,,2018/8/1,,,
1293,東京都,杉並区,阿佐谷東,阿佐谷南1-42-7,?03-3314-4535,認可,0,,2018/8/1,,,
1294,東京都,杉並区,井荻,善福寺1-5-17,?03-3399-7267,認可,0,,2018/8/1,,,
1295,東京都,杉並区,永福北,永福4-25-4,?03-3325-6761,認可,0,,2018/8/1,,,
1296,東京都,杉並区,大宮,大宮2-16-16,?03-3315-7283,認可,0,,2018/8/1,,,
1297,東京都,杉並区,荻窪東,荻窪4-23-20,?03-3220-1621,認可,0,,2018/8/1,,,
1298,東京都,杉並区,高円寺東,高円寺南1-28-4,?03-3316-1938,認可,0,,2018/8/1,,,
1299,東京都,杉並区,下井草,下井草3-13-9,?03-3394-4323,認可,0,,2018/8/1,,,
1300,東京都,杉並区,松庵,松庵2-23-34,?03-3332-1751,認可,0,,2018/8/1,,,
1301,東京都,杉並区,中瀬,下井草4-25-10,?03-3399-9150,認可,0,,2018/8/1,,,
1302,東京都,杉並区,浜田山（障4）,浜田山4-18-31,?03-3315-7811,認可,0,,2018/8/1,,,
1303,東京都,杉並区,宮前,宮前2-24-38,?03-3333-1935,認可,0,,2018/8/1,,,
1304,東京都,杉並区,阿佐谷北（障5）※4,阿佐谷北6-26-13,?03-3337-9141,認可,0,,2018/8/1,,,
1305,東京都,杉並区,今川（障7）,今川3-3-18,?03-3394-2831,認可,0,,2018/8/1,,,
1306,東京都,杉並区,永福南,永福2-6-12,?03-3323-4151,認可,0,,2018/8/1,,,
1307,東京都,杉並区,荻窪,南荻窪2-25-17,?03-3333-6988,認可,0,,2018/8/1,,,
1308,東京都,杉並区,上荻,上荻1-20-13,?03-3392-6742,認可,0,,2018/8/1,,,
1309,東京都,杉並区,久我山 ※5,久我山5-8-8,?03-3331-5141,認可,0,,2018/8/1,,,
1310,東京都,杉並区,久我山東（障5）,久我山5-24-19,?03-3333-7450,認可,0,,2018/8/1,,,
1311,東京都,杉並区,善福寺（障3）,善福寺2-26-18,?03-3394-8961,認可,0,,2018/8/1,,,
1312,東京都,杉並区,高井戸東,高井戸東3-14-9,?03-3304-9572,認可,0,,2018/8/1,,,
1313,東京都,杉並区,堀ノ内,堀ノ内2-8-7,?03-3313-7536,認可,0,,2018/8/1,,,
1314,東京都,杉並区,本天沼 ※5,本天沼3-34-35,?03-3395-3802,認可,0,,2018/8/1,,,
1315,東京都,杉並区,（仮称）パピーナ西荻北保育園,西荻北2-４,-,認可,0,,2018/8/1,,,
1316,東京都,杉並区,（仮称）杉並今川雲母保育園,今川1-15,-,認可,0,,2018/8/1,,,
1317,東京都,杉並区,（仮称）グローバルキッズ松庵園,松庵2-23,-,認可,0,,2018/8/1,,,
1318,東京都,杉並区,（仮称）ポピンズナーサリースクール方南町,方南2-14,-,認可,0,,2018/8/1,,,
1319,東京都,杉並区,（仮称）Picoナーサリ和田堀公園保育園,大宮1-20,-,認可,0,,2018/8/1,,,
1320,東京都,杉並区,（仮称）うぃず杉並和泉保育園,和泉2-42,-,認可,0,,2018/8/1,,,
1321,東京都,杉並区,（仮称）永福ここわ保育園,和泉2-23,-,認可,0,,2018/8/1,,,
1322,東京都,杉並区,（仮称）キッズガーデン永福町,和泉3-15,-,認可,0,,2018/8/1,,,
1323,東京都,杉並区,（仮称）杉並の家ことり保育園,浜田山4-９,-,認可,0,,2018/8/1,,,
1324,東京都,杉並区,（仮称）東京立正保育園,松ノ木2-29,-,認可,0,,2018/8/1,,,
1325,東京都,杉並区,（仮称）高円寺りとるぱんぷきんず,高円寺北1-27,-,認可,0,,2018/8/1,,,
1326,東京都,杉並区,（仮称）マミー高円寺保育園,高円寺南2-40,-,認可,0,,2018/8/1,,,
1327,東京都,杉並区,（仮称）阿佐ヶ谷たいよう保育園,阿佐谷南1-48,-,認可,0,,2018/8/1,,,
1328,東京都,杉並区,（仮称）杉並たかいどいちご保育園,高井戸東4-５,-,認可,0,,2018/8/1,,,
1329,東京都,杉並区,（仮称）ピノキオ幼児舎和田保育園,和田2-21,-,認可,0,,2018/8/1,,,
1330,東京都,杉並区,（仮称）ほりのうちさくらさくほいくえん,堀ノ内3-５,-,認可,0,,2018/8/1,,,
1331,東京都,杉並区,（仮称）和田ここわ保育園,和田1-５,-,認可,0,,2018/8/1,,,
1332,東京都,杉並区,（仮称）大空と大地のなーさりぃ高円寺南園,高円寺南4-37-23,-,認可,1,,2018/8/1,,,
1333,東京都,杉並区,おうち保育園あさがや,阿佐谷北5-47-11 ルセーヌ阿佐ヶ谷1階,03-5356-8337,小規模A,0,,2018/8/1,,,
1334,東京都,杉並区,おうち保育園えいふく町,大宮2-1-4 1階,03-5913-9223,小規模A,0,,2018/8/1,,,
1335,東京都,杉並区,スクルドエンジェル保育園下高井戸園,下高井戸3-3-6 ヒデ．スタープラザ1階,03-6379-9790,小規模A,0,,2018/8/1,,,
1336,東京都,杉並区,スクルドエンジェル保育園方南町園,方南2-12-16 トウトハウス1?2階,03-5929-7440,小規模A,0,,2018/8/1,,,
1337,東京都,杉並区,ソラーナやなぎくぼ,高井戸東4-10-30 サンハイム高井戸101,03-5941-3988,小規模A,0,,2018/8/1,,,
1338,東京都,杉並区,こどもヶ丘保育園 阿佐谷南園,阿佐谷南1-13-16 フエンテTAMAKI1階,03-4285-3997,小規模A,0,,2018/8/1,,,
1339,東京都,杉並区,杉並保育園ソラグミ,西荻南2-18-1 若見ハイツ101,03-5941-9370,小規模A,0,,2018/8/1,,,
1340,東京都,杉並区,ふたばクラブ西永福保育園,永福4-19-17,03-5913-8728,小規模A,0,,2018/8/1,,,
1341,東京都,杉並区,ふたばクラブ浜田山保育園,浜田山2-8-11,03-5357-8622,小規模A,0,,2018/8/1,,,
1342,東京都,杉並区,ふたばクラブ浜田山井の頭通り保育園,浜田山4-10-5 稲葉ビル2階,03-6383-2287,小規模A,0,,2018/8/1,,,
1343,東京都,杉並区,アロハエンジェルナーサリー荻窪駅前園,上荻1-20-6 スターフィールド2階,03-6915-1191,小規模A,0,,2018/8/1,,,
1344,東京都,杉並区,小規模保育事業所 宮前北,宮前3-9-3 シャトー5 1階,03-3334-7971,小規模A,0,,2018/8/1,,,
1345,東京都,杉並区,ぴっぴのもり保育園,永福4-18-5 フェリーチェ杉並2階,03-6315-6908,小規模B,0,,2018/8/1,,,
1346,東京都,杉並区,マグハウス西荻,西荻南2-8-16 メゾン・ド・エテルナ1階,03-5941-3150,小規模B,0,,2018/8/1,,,
1347,東京都,杉並区,こどもヶ丘保育園 成田西園,成田西3-19-6 菊地ビル1階,03-6279-9218,小規模B,0,,2018/8/1,,,
1348,東京都,杉並区,西永福らる小規模保育園,永福3-33-10 鈴木ビル1階,03-6379-7577,小規模B,0,,2018/8/1,,,
1349,東京都,杉並区,ハーモニー・キッズ,高井戸東2-29-13,03-6762-9255,小規模B,0,,2018/8/1,,,
1350,東京都,杉並区,シュシュ保育室,上荻3-22-13,03-6913-5210,小規模B,0,,2018/8/1,,,
1351,東京都,杉並区,よくふう保育園 ※,高井戸西1-12-1,03-5941-1036,事業所内保育事業所,0,,2018/8/1,,,
1352,東京都,杉並区,ピヨピヨおうちえん,上荻2-7-9 イタール上荻1階,03-6913-5617,事業所内保育事業所,0,,2018/8/1,,,
1353,東京都,杉並区,あすもベビーホーム松庵,松庵3-1-3,03-5930-0415,事業所内保育事業所,0,,2018/8/1,,,
1354,東京都,杉並区,doors 南阿佐ヶ谷,阿佐谷南1-11-8Bell House Asagaya 101,03-5929-7543,事業所内保育事業所,0,,2018/8/1,,,
1355,東京都,杉並区,doors 新高円寺,梅里1-8-10 ドゥエル佐藤1階,03-5913-7544,事業所内保育事業所,1,,2018/8/1,,,
1356,東京都,杉並区,下高井戸,下高井戸4-38-15,03-3303-9485,こども園,-,,2018/8/1,,,
1357,東京都,杉並区,堀ノ内,堀ノ内1-9-26,03-3313-3437,こども園,-,,2018/8/1,,,
1358,東京都,杉並区,高円寺北,高円寺北2-14-13 杉並第四小学校内,03-3330-0340,こども園,-,,2018/8/1,,,
1359,東京都,杉並区,成田西 ※1,成田西1-28-6,03-3311-3876,こども園,-,,2018/8/1,,,
1360,東京都,杉並区,高井戸西,高井戸西3-15-4,03-3332-9020,こども園,-,,2018/8/1,,,
1361,東京都,杉並区,西荻北,西荻北1-19-22,03-3399-0848,こども園,-,,2018/8/1,,,
